<?xml version="1.0" encoding="UTF-8" standalone="yes"?>
<resourceMap bestPracticeId="NsxEsgEcmpConfig">
    <item id="dataquery.nsxEcmpEnabledEdgeInfo.title">ECMP Enabled NSX Edge Info</item>
    <item id="nsxEsgEcmpSharingHostWithEcmpDlrFinding.text">ECMP enabled ESG '{NAME}'({ESG_ID}) has its edge appliances deployed on the same host(s) ({HOST_IDS}) as other ECMP enabled DLR(s).</item>
    <item id="nsxEsgEcmpSharingHostWithAnotherEcmpEsgFinding.text">ECMP enabled ESG '{NAME}'({ESG_ID}) has its edge appliances deployed on the same host(s) ({HOST_IDS}) as other ECMP enabled ESG(s).</item>
    <item id="nsxEsgEcmpSharingHostWithEcmpDlrObservation.text">{AFFECTED_OBJECTS_COUNT} ECMP enabled ESG(s) have its edge appliances deployed on the same host(s) as other ECMP enabled DLR(s).</item>
    <item id="nsxEsgEcmpSharingHostWithAnotherEcmpEsgObservation.text">{AFFECTED_OBJECTS_COUNT} ECMP enabled ESG(s) have its edge appliances deployed on the same host(s) as other ECMP enabled ESG(s).</item>
</resourceMap>