<?xml version="1.0" encoding="UTF-8" standalone="yes"?>
<resourceMap bestPracticeId="NsxCtrControlClusterStatus">
    <item id="dataquery.nsxControllerControlClusterStatus.title">NSX Controller Control Cluster Status</item>
    <item id="nsxControllerControlClusterNonUniqueNodeIdsFinding.text">NSX Controller '{NAME}' does not have unique Node UUID.</item>
    <item id="nsxControllerControlClusterDifferentClusterIdsFinding.text">NSX Controllers for NSX Manager '{NAME}' do not have the same cluster ID.</item>
    <item id="nsxControllerControlClusterJoinStatusFinding.text">NSX Controller '{NAME}' has not joined the cluster properly.</item>
    <item id="nsxControllerControlClusterMajorityStatusFinding.text">NSX Controller '{NAME}' has not connected to cluster majority properly.</item>
    <item id="nsxControllerControlClusterNonUniqueNodeIdsObservation.text">{AFFECTED_OBJECTS_COUNT} NSX Controller(s) do not have unique Node UUIDs.</item>
    <item id="nsxControllerControlClusterDifferentClusterIdsObservation.text">NSX Controllers do not have the same cluster ID.</item>
    <item id="nsxControllerControlClusterJoinStatusObservation.text">{AFFECTED_OBJECTS_COUNT} NSX Controller(s) have not joined the cluster properly.</item>
    <item id="nsxControllerControlClusterMajorityStatusObservation.text">{AFFECTED_OBJECTS_COUNT} NSX Controller(s) have not connected to cluster majority properly.</item>
</resourceMap>