<?xml version="1.0" encoding="UTF-8"?>
<resourceMap>
    <item id="common.component.NsxManager">NSX Manager</item>
    <item id="common.component.NsxController">NSX Controller</item>
    <item id="common.component.NsxDlr">NSX DLR</item>
    <item id="common.component.NsxDfw">NSX DFW</item>
    <item id="common.component.NsxEsg">NSX ESG</item>
    <item id="common.component.Bridging">Bridging</item>
    <item id="common.component.Esxi">ESXi</item>
    <item id="common.component.CrossVcenter">Cross vCenter</item>
    <item id="common.component.GuestIntrospection">Guest Introspection</item>
    <item id="common.component.MonitorningAndTroubleshooting">Monitoring and Troubleshooting</item>
    <item id="common.component.vCenter">vCenter</item>

    <item id="common.analysis.disclaimer.BestPracticeNotImplemented.text">HealthAnalyzer cannot analyze the environment for this best practice. There is no data for analysis. Refer to the Justification section for information about manually collecting and analyzing data.</item>
    <item id="common.analysis.disclaimer.AnalysisNotImplemented.text">HealthAnalyzer cannot analyze the environment for this best practice. There is not enough data for analysis. Refer to the Justification section for information about manually collecting and analyzing data.</item>

    <item id="common.dataquery.nsxManagerMemoryInfo.title">NSX Manager Memory Info</item>
    <item id="common.dataquery.nsxManagerCpuInfo.title">NSX Manager CPU Info</item>
    <item id="common.dataquery.nsxControllerClusterInfo.title">NSX Controller Cluster Info</item>
    <item id="common.dataquery.nsxDfwExclusions.title">Distributed Firewall Exclusions</item>
</resourceMap>