<?xml version="1.0" encoding="UTF-8" standalone="yes"?>
<resourceMap bestPracticeId="NsxMgrResourceUsage">
    <item id="nsxManagerHighCpuUsageFinding.text">NSX Manager ‘{NAME}’ has > {RESOURCE_USAGE_LIMIT}% CPU usage. Current CPU Usage={RESOURCE_USAGE}%.</item>
    <item id="nsxManagerHighCpuUsageObservation.text">{AFFECTED_OBJECTS_COUNT} NSX Manager(s) have high CPU usage.</item>
    <item id="nsxManagerHighMemoryUsageFinding.text">NSX Manager ‘{NAME}’ has > {RESOURCE_USAGE_LIMIT}% Memory usage. Current Memory Usage={RESOURCE_USAGE}%.</item>
    <item id="nsxManagerHighMemoryUsageObservation.text">{AFFECTED_OBJECTS_COUNT} NSX Manager(s) have high Memory usage.</item>
</resourceMap>