<?xml version="1.0" encoding="UTF-8" standalone="yes"?>
<resourceMap bestPracticeId="NsxCtrVtepConfig">
    <item id="dataquery.nsxControllerVtepInfo.title">NSX Controller VTEP Info</item>
    <item id="nsxControllerVtepEntriesOnNonOnwerControllerFinding.text">Non-owner NSX Controller '{CONTROLLER_IP}' has VTEP entries for VNI '{NAME}' (VNI owner NSX Controller is '{VNI_OWNER_CONTROLLER_IP}').</item>
    <item id="nsxControllerVtepEntriesOnNonOnwerControllerObservation.text">VTEP entries are found for {AFFECTED_OBJECTS_COUNT} VNI(s) on non-owner NSX controller(s).</item>
    <item id="nsxControllerHostVtepConfigurationDisclaimer.text">HealthAnalyzer only verifies the presence of VTEP entries on owner NSX Controllers and cannot validate VTEP configuration per ESXi host.</item>
</resourceMap>