<?xml version="1.0" encoding="UTF-8" standalone="yes"?>
<resourceMap bestPracticeId="NsxMgrBackupConfig">
    <item id="dataquery.nsxManagerBackupConfig.title">NSX Manager Backup Configuration</item>
    <item id="dataquery.nsxManagerBackupHistory.title">NSX Manager Backup History</item>
    <item id="nsxManagerBackupNotConfiguredFinding.text">Backup is not configured on NSX Manager '{NAME}'.</item>
    <item id="nsxManagerBackupHistoryMissingFinding.text">Backup history is not found on NSX Manager '{NAME}'.</item>
    <item id="nsxManagerBackupNotConfiguredObservation.text">{AFFECTED_OBJECTS_COUNT} NSX Manager(s) do not have backup configured.</item>
    <item id="nsxManagerBackupHistoryMissingObservation.text">{AFFECTED_OBJECTS_COUNT} NSX Manager(s) do not have backup history.</item>
</resourceMap>