<?xml version="1.0" encoding="UTF-8" standalone="yes"?>
<resourceMap bestPracticeId="NsxCtrZookeeperStatus">
    <item id="dataquery.nsxControllerZookeeperStatus.title">NSX Controller Zookeeper Status</item>
    <item id="nsxControllerMultipleLeadersZKFinding.text">Zookeeper is running on multiple ({NUM_OF_LEADER_RUNNING_ZK}) leader NSX Controllers.</item>
    <item id="nsxControllerNoLeaderZKFinding.text">Zookeeper is not running on any leader NSX controller.</item>
    <item id="nsxControllerMultipleLeadersZKObservation.text">Zookeeper is running on multiple leader NSX Controllers.</item>
    <item id="nsxControllerNoLeaderZKObservation.text">Zookeeper is not running on any leader NSX controller.</item>
</resourceMap>