<?xml version="1.0" encoding="UTF-8" standalone="yes"?>
<resourceMap bestPracticeId="NsxMgrNtpConfig">
    <item id="dataquery.nsxManagerTimeSettings.title">NSX Manager Time Settings</item>
    <item id="nsxManagerNtpServerNotConfiguredFinding.text">NTP server is not configured on NSX Manager '{NAME}'.</item>
    <item id="nsxManagerNtpServerDisclaimer.text">HealthAnalyzer only checks for the presence of NTP server(s) on NSX Manager and cannot validate if all the components are synced with NTP servers.</item>
    <item id="nsxManagerNtpServerNotConfiguredObservation.text">{AFFECTED_OBJECTS_COUNT} NSX Manager(s) are not configured with NTP servers.</item>
</resourceMap>