<?xml version="1.0" encoding="UTF-8" standalone="yes"?>
<resourceMap bestPracticeId="NsxCtrVniConfig">
    <item id="dataquery.nsxControllerVniInfo.title">NSX Controller VNI Info</item>
    <item id="nsxControllerNoCommonOwnerForVniFinding.text">No common VNI owner Controller found for VNI ‘{NAME}’). Owner Controller(s)={VNI_CONTROLLERS}.</item>
    <item id="nsxControllerBumReplicationDisabledForVniFinding.text">BUM replication is disabled for VNI ‘{NAME}’ on Controller '{CONTROLLER}'.</item>
    <item id="nsxControllerArpProxyDisabledForVniFinding.text">ARP Proxy is disabled for VNI ‘{NAME}’ on Controller '{CONTROLLER}'.</item>
    <item id="nsxControllerNoCommonOwnerForVniObservation.text">No common VNI owner Controller found for {AFFECTED_OBJECTS_COUNT} VNI(s).</item>
    <item id="nsxControllerBumReplicationDisabledForVniObservation.text">BUM replication is disabled in {AFFECTED_OBJECTS_COUNT} VNI(s).</item>
    <item id="nsxControllerArpProxyDisabledForVniObservation.text">ARP Proxy is disabled in {AFFECTED_OBJECTS_COUNT} for VNI(s).</item>
</resourceMap>