<?xml version="1.0" encoding="UTF-8" standalone="yes"?>
<resourceMap bestPracticeId="NsxCtrHostConnectionsVniConfig">
    <item id="dataquery.nsxControllerHostConnectionVniInfo.title">NSX Controller Host Connection VNI Info</item>
    <item id="dataquery.nsxManagerTransportZoneVniInfo.title">NSX Manager Transport Zone VNI Info</item>
    <item id="nsxControllerHostConnectionsOnNonOnwerControllerFinding.text">Non-owner NSX Controller '{CONTROLLER_IP}' has host connections for VNI '{NAME}' (VNI owner NSX Controller is '{VNI_OWNER_CONTROLLER_IP}').</item>
    <item id="nsxControllerHostConnectionsNonTransportZoneFinding.text">Owner NSX Controller '{CONTROLLER_IP}' for VNI '{NAME}' have {NUM_OF_NON_TRANSPORT_ZONE_HOSTS} host entities(s) that are not part of the transport zone.</item>
    <item id="nsxControllerHostConnectionsOnNonOnwerControllerObservation.text">Host connections are found for {AFFECTED_OBJECTS_COUNT} VNI(s) on non-owner NSX controller(s).</item>
    <item id="nsxControllerHostConnectionsNonTransportZoneObservation.text">{AFFECTED_OBJECTS_COUNT} VNI(s) have host connection(s) that are not part of the VNIs' transport zones.</item>
</resourceMap>