<?xml version="1.0" encoding="UTF-8" standalone="yes"?>
<resourceMap bestPracticeId="NsxCvcLocaleIdConfig">
    <item id="dataquery.nsxManagerLocaleInfo.title">NSX Manager Locale Info</item>
    <item id="nsxCvcMismatchedClusterHostLocaleFinding.text">Locale ID ({ESXI_LOCALE_ID}) of ESXi Host '{NAME}' does not match with Cluster's Locale ID ({CLUSTER_LOCALE_ID}).</item>
    <item id="nsxCvcMismatchedClusterHostLocaleFindingObservation.text">Locale ID of {AFFECTED_OBJECTS_COUNT} ESXi Host(s) do not match with corresponding Cluster's Locale ID.</item>
    <item id="nsxCvcMismatchedClusterLocaleFinding.text">Locale IDs of clusters in NSX Manager '{NAME}' do not match.</item>
    <item id="nsxCvcMismatchedClusterLocaleFindingObservation.text">Locale IDs of clusters in {AFFECTED_OBJECTS_COUNT} NSX Manager(s) do not match.</item>
</resourceMap>