<?xml version="1.0" encoding="UTF-8" standalone="yes"?>
<resourceMap bestPracticeId="NsxCtrVcClusterConfig">
    <item id="nsxControllersNotInSameVcClusterFinding.text">Controllers in NSX Manager ‘{NAME}’ are not in the same vCenter clusters.</item>
    <item id="nsxControllerNotInVcClusterFinding.text">NSX Controller ‘{NAME}’ is not in a vCenter cluster.</item>
    <item id="nsxControllersNotInSameVcClusterObservation.text">Controllers in {AFFECTED_OBJECTS_COUNT} NSX Manager(s) are not in the same vCenter clusters.</item>
    <item id="nsxControllersNotInVcClusterObservation.text">{AFFECTED_OBJECTS_COUNT} NSX Controller(s) are not in any vCenter cluster.</item>
</resourceMap>