<?xml version="1.0" encoding="UTF-8" standalone="yes"?>
<resourceMap bestPracticeId="NsxCtrIpSecTunnelConfig">
    <item id="dataquery.nsxControllerIpSecTunnelInfo.title">NSX Controller IPsec Tunnel Info</item>
    <item id="nsxControllerIpSecTunnelFinding.text">IPsec tunnel of Controller ‘{NAME}’ is not UP.</item>
    <item id="nsxControllerIpSecTunnelObservation.text">IPsec tunnels of {AFFECTED_OBJECTS_COUNT} Controller(s) are not UP.</item>
    <item id="nsxControllerIpSecTunnelDisclaimer.text">HealthAnalyzer can analyze this best practice only for NSX Manager Version 6.2.3 and above.</item>
</resourceMap>