<?xml version="1.0" encoding="UTF-8"?>
<bestPracticeCatalogDefinition>
    <bestPracticeDefinitions>
        <bestPracticeDefinition resourceId="NSX-BDG-001" id="NsxBdgVlanConfig" />
        <bestPracticeDefinition resourceId="NSX-CTR-001" id="NsxCtrConfig" />
        <bestPracticeDefinition resourceId="NSX-CTR-002" id="NsxCtrIpSecTunnelConfig" />
        <bestPracticeDefinition resourceId="NSX-CTR-003" id="NsxCtrZookeeperStatus" />
        <bestPracticeDefinition resourceId="NSX-CTR-004" id="NsxCtrDiskUsage" />
        <bestPracticeDefinition resourceId="NSX-CTR-005" id="NsxCtrStartupNodesConfig" />
        <bestPracticeDefinition resourceId="NSX-CTR-006" id="NsxCtrControlClusterStatus" />
        <bestPracticeDefinition resourceId="NSX-CTR-007" id="NsxCtrVniConfig" />
        <bestPracticeDefinition resourceId="NSX-CTR-008" id="NsxCtrHostConnectionsVniConfig" />
        <bestPracticeDefinition resourceId="NSX-CTR-009" id="NsxCtrVtepConfig" />
        <bestPracticeDefinition resourceId="NSX-CTR-010" id="NsxCtrVtepConnectivity" />
        <bestPracticeDefinition resourceId="NSX-CTR-011" id="NsxCtrClusterConfig" />
        <bestPracticeDefinition resourceId="NSX-CTR-012" id="NsxCtrBackup" />
        <bestPracticeDefinition resourceId="NSX-CTR-013" id="NsxCtrUpgradeCheck" />
        <bestPracticeDefinition resourceId="NSX-CTR-014" id="NsxCtrVcClusterConfig" />
        <bestPracticeDefinition resourceId="NSX-CVC-001" id="NsxCvcMasterNsxMgrCheck" />
        <bestPracticeDefinition resourceId="NSX-CVC-002" id="NsxCvcLocaleIdConfig" />
        <bestPracticeDefinition resourceId="NSX-CVC-003" id="NsxCvcDlrConfig" />
        <bestPracticeDefinition resourceId="NSX-CVC-004" id="NsxCvcSyncServiceStatus" />
        <bestPracticeDefinition resourceId="NSX-CVC-005" id="NsxCvcLogicalSwitchConfig" />
        <bestPracticeDefinition resourceId="NSX-CVC-006" id="NsxCvcSegmentIdConfig" />
        <bestPracticeDefinition resourceId="NSX-CVC-007" id="NsxCvcTransportZoneConfig" />
        <bestPracticeDefinition resourceId="NSX-CVC-008" id="NsxCvcSegmentIdOverlapCheck" />
        <bestPracticeDefinition resourceId="NSX-DFW-001" id="NsxDfwStatusSettings" />
        <bestPracticeDefinition resourceId="NSX-DFW-002" id="NsxDfwVsipHeapUsage" />
        <bestPracticeDefinition resourceId="NSX-DFW-003" id="NsxDfwVsfwdMemoryUsage" />
        <bestPracticeDefinition resourceId="NSX-DFW-004" id="NsxDfwSessionUtilization" />
        <bestPracticeDefinition resourceId="NSX-DFW-005" id="NsxDfwExclusionList" />
        <bestPracticeDefinition resourceId="NSX-DFW-006" id="NsxDfwRuleSettings" />
        <bestPracticeDefinition resourceId="NSX-DFW-007" id="NsxDfwExclusionListThirdPartySvms" />
        <bestPracticeDefinition resourceId="NSX-DLR-001" id="NsxDlrConfig" />
        <bestPracticeDefinition resourceId="NSX-DLR-002" id="NsxDlrStaticRoutingConfig" />
        <bestPracticeDefinition resourceId="NSX-DLR-003" id="NsxDlrOspfRoutingConfig" />
        <bestPracticeDefinition resourceId="NSX-DLR-004" id="NsxDlrBgpRoutingConfig" />
        <bestPracticeDefinition resourceId="NSX-DLR-005" id="NsxDlrArpTableConfig" />
        <bestPracticeDefinition resourceId="NSX-DLR-006" id="NsxDlrUniversalConfig" />
        <bestPracticeDefinition resourceId="NSX-DLR-007" id="NsxDlrHaDetailedConfig" />
        <bestPracticeDefinition resourceId="NSX-DLR-008" id="NsxDlrVmSyslogConfig" />
        <bestPracticeDefinition resourceId="NSX-DLR-009" id="NsxDlrVmDiskUsage" />
        <bestPracticeDefinition resourceId="NSX-DLR-010" id="NsxDlrHaHeartbeatConfig" />
        <bestPracticeDefinition resourceId="NSX-DLR-011" id="NsxDlrFirewallTimeoutConfig" />
        <bestPracticeDefinition resourceId="NSX-DLR-012" id="NsxDlrHaHostDistribution" />
        <bestPracticeDefinition resourceId="NSX-ESG-001" id="NsxEsgVmSyslogConfig" />
        <bestPracticeDefinition resourceId="NSX-ESG-002" id="NsxEsgBgpFiltering" />
        <bestPracticeDefinition resourceId="NSX-ESG-003" id="NsxEsgEcmpL7Config" />
        <bestPracticeDefinition resourceId="NSX-ESG-004" id="NsxEsgEcmpConfig" />
        <bestPracticeDefinition resourceId="NSX-ESG-005" id="NsxEsgHaConfig" />
        <bestPracticeDefinition resourceId="NSX-ESG-006" id="NsxEsgBackupConfig" />
        <bestPracticeDefinition resourceId="NSX-ESG-007" id="NsxEsgStatus" />
        <bestPracticeDefinition resourceId="NSX-ESG-008" id="NsxEsgVmDiskUsage" />
        <bestPracticeDefinition resourceId="NSX-ESG-009" id="NsxEsgHaHostDistribution" />
        <bestPracticeDefinition resourceId="NSX-ESG-010" id="NsxEsgHaHeartbeatConfig" />
        <bestPracticeDefinition resourceId="NSX-ESG-011" id="NsxEsgVmSizing" />
        <bestPracticeDefinition resourceId="NSX-ESG-012" id="NsxEsgLbConfig" />
        <bestPracticeDefinition resourceId="NSX-ESG-013" id="NsxEsgFirewallTimeoutConfig" />
        <bestPracticeDefinition resourceId="NSX-ESG-014" id="NsxEsgHaDetailedConfig" />
        <bestPracticeDefinition resourceId="NSX-ESX-001" id="NsxEsxNetcpadConfig" />
        <bestPracticeDefinition resourceId="NSX-ESX-002" id="NsxEsxControllerConnectivity" />
        <bestPracticeDefinition resourceId="NSX-ESX-003" id="NsxEsxVsfwdConfig" />
        <bestPracticeDefinition resourceId="NSX-ESX-004" id="NsxEsxVsfwdConnectivity" />
        <bestPracticeDefinition resourceId="NSX-ESX-005" id="NsxEsxVsfwdAdvancedConfig" />
        <bestPracticeDefinition resourceId="NSX-ESX-006" id="NsxEsxJumboFramesConfig" />
        <bestPracticeDefinition resourceId="NSX-ESX-007" id="NsxEsxSyslogConfig" />
        <bestPracticeDefinition resourceId="NSX-ESX-008" id="NsxEsxVibVersionConfig" />
        <bestPracticeDefinition resourceId="NSX-ESX-009" id="NsxEsxStatelessDeployConfig" />
        <bestPracticeDefinition resourceId="NSX-ESX-010" id="NsxEsxHwTsoState" />
        <bestPracticeDefinition resourceId="NSX-GIS-001" id="NsxGisVmToolsInstall" />
        <bestPracticeDefinition resourceId="NSX-MGR-001" id="NsxMgrCoreServices" />
        <bestPracticeDefinition resourceId="NSX-MGR-002" id="NsxMgrNtpConfig" />
        <bestPracticeDefinition resourceId="NSX-MGR-003" id="NsxMgrNetworkSettings" />
        <bestPracticeDefinition resourceId="NSX-MGR-004" id="NsxMgrBackupConfig" />
        <bestPracticeDefinition resourceId="NSX-MGR-005" id="NsxMgrSnapshotSetup" />
        <bestPracticeDefinition resourceId="NSX-MGR-006" id="NsxMgrMemoryConfig" />
        <bestPracticeDefinition resourceId="NSX-MGR-007" id="NsxMgrCpuConfig" />
        <bestPracticeDefinition resourceId="NSX-MGR-008" id="NsxMgrHostConnectivity" />
        <bestPracticeDefinition resourceId="NSX-MGR-009" id="NsxMgrSystemEvents" />
        <bestPracticeDefinition resourceId="NSX-MGR-010" id="NsxMgrDiskUsage" />
        <bestPracticeDefinition resourceId="NSX-MGR-011" id="NsxMgrResourceUsage" />
        <bestPracticeDefinition resourceId="NSX-MGR-012" id="NsxMgrVtepConfig" />
        <bestPracticeDefinition resourceId="NSX-MGR-013" id="NsxMgrMemoryIssues" />
        <bestPracticeDefinition resourceId="NSX-MGR-014" id="NsxMgrUiModulesConfig" />
        <bestPracticeDefinition resourceId="NSX-MGR-015" id="NsxMgrSyslogConfig" />
        <bestPracticeDefinition resourceId="NSX-MGR-016" id="NsxMgrScaleLimits" />
        <bestPracticeDefinition resourceId="NSX-MGR-017" id="NsxMgrCommChannelHealth" />
        <bestPracticeDefinition resourceId="NSX-MGR-018" id="NsxMgrLicenseConfig" />
        <bestPracticeDefinition resourceId="NSX-MGR-019" id="NsxMgrBackupQuiescing" />
        <bestPracticeDefinition resourceId="NSX-MGR-020" id="NsxMgrCloneBeforeUpgrade" />
        <bestPracticeDefinition resourceId="NSX-MGR-021" id="NsxMgrWebClientRestartAfterUpgrade" />
        <bestPracticeDefinition resourceId="NSX-MGR-022" id="NsxMgrSupportBundlesForUpgrade" />
        <bestPracticeDefinition resourceId="NSX-MON-001" id="NsxMonVmBackupConfig" />
        <bestPracticeDefinition resourceId="NSX-MON-002" id="NsxMonSslBackupConfig" />
        <bestPracticeDefinition resourceId="NSX-MON-003" id="NsxMonDefaultPortsConfig" />
        <bestPracticeDefinition resourceId="NSX-MON-004" id="NsxMonVcIpConfig" />
        <bestPracticeDefinition resourceId="NSX-MON-005" id="NsxMonNsxComponentsVersionCheck" />
        <bestPracticeDefinition resourceId="NSX-VCR-001" id="NsxVcrUiPluginConfig" />
        <bestPracticeDefinition resourceId="NSX-VCR-002" id="NsxVcrExtensionConfig" />
        <bestPracticeDefinition resourceId="NSX-VCR-003" id="NsxVcrDnsConfig" />
        <bestPracticeDefinition resourceId="NSX-VCR-004" id="NsxVcrSslPortConfig" />
        <bestPracticeDefinition resourceId="NSX-VCR-005" id="NsxVcrVumConfig" />
        <bestPracticeDefinition resourceId="NSX-VCR-006" id="NsxVcrVibConnectivity" />
        <bestPracticeDefinition resourceId="NSX-VCR-007" id="NsxVcrAgencyConfig" />
        <bestPracticeDefinition resourceId="NSX-VCR-008" id="NsxVcrEamConfig" />
        <bestPracticeDefinition resourceId="NSX-VCR-009" id="NsxVcrSsoConfig" />
        <bestPracticeDefinition resourceId="NSX-VCR-010" id="NsxVcrLookupConfig" />
        <bestPracticeDefinition resourceId="NSX-VCR-011" id="NsxVcrDvsHealthcheckConfig" />
        <bestPracticeDefinition resourceId="NSX-VCR-012" id="NsxVcrCompatibility" />
        <bestPracticeDefinition resourceId="NSX-VCR-013" id="NsxVcrDvsVersion" />
        <bestPracticeDefinition resourceId="NSX-VCR-014" id="NsxVcrDvsUplinkConfig" />
    </bestPracticeDefinitions>
</bestPracticeCatalogDefinition>