<?xml version="1.0" encoding="UTF-8" standalone="yes"?>
<resourceMap bestPracticeId="NsxMgrCoreServices">
    <item id="dataquery.nsxManagerServicesSummary.title">NSX Manager Services Summary</item>
    <item id="nsxManagerCoreServicesNotRunningFinding.text">Service '{SERVICE_NAME}' is not running on NSX Manager '{NAME}'.</item>
    <item id="nsxManagerCoreServicesNotRunningObservation.text">{NSX_SERVICES_COUNT} service(s) are not running on NSX Manager '{NSX_MANAGER}'.</item>
    <item id="nsxManagerReplicatorServiceRunningInSecondaryFinding.text">Replicator Service is running on Secondary NSX Manager '{NAME}'.</item>
    <item id="nsxManagerReplicatorServiceRunningInSecondaryObservation.text">Replicator service is running on {AFFECTED_OBJECTS_COUNT} Secondary NSX Manager(s).</item>
</resourceMap>