<?xml version="1.0" encoding="utf-8" standalone="yes"?>
<resourceMap bestPracticeId="NSX-CTR-010">
  <item id="title">NSX-CTR-010</item>
  <item id="recommendation"><![CDATA[Verify VXLAN VTEP and netstack connectivity on VMware ESXi hosts.]]></item>
  <item id="justification"><![CDATA[If there is no connectivity between VTEPs, data path issues will occur.
<p></p><p></p><b>References: </b>
<p></p><p></p>NSX Administration Guide
<p></p><p></p><b>Procedure: </b>
<p></p><p></p>a. Perform the ping test using the vmkping&nbsp;<div>b. Pick a LS and try the ping from UI (traceflow feature) - this will mimic vxlan encapsulation traffic as if you are initiating the ping test from within the GOS</div>
]]></item>
</resourceMap>