<?xml version="1.0" encoding="utf-8" standalone="yes"?>
<resourceMap bestPracticeId="NSX-MGR-016">
  <item id="title">NSX-MGR-016</item>
  <item id="recommendation"><![CDATA[Verify that NSX for vSphere adheres to the configuration maximums.]]></item>
  <item id="justification"><![CDATA[For the environment configuration to be supported, it must be within the configuration maximums.
<p></p><p></p><b>References: </b>
<p></p><p></p>NSX configuration maximums
<p></p><p></p><b>Procedure: </b>
<p></p><p></p>Verify that the environment adheres to limits within the NSX configuration maximums.
]]></item>
</resourceMap>