<?xml version="1.0" encoding="utf-8" standalone="yes"?>
<resourceMap bestPracticeId="NSX-MGR-013">
  <item id="title">NSX-MGR-013</item>
  <item id="recommendation"><![CDATA[Verify that there are no out-of-memory issues.]]></item>
  <item id="justification"><![CDATA[Performance can be affected if there are insufficient resources.
<p></p><p></p><b>References: </b>
<p></p><p></p>NSX Administration Guide
<p></p><p></p><b>Procedure: </b>
<p></p><p></p><div>a. Check the log for messages similar to</div><div>java.lang.OutOfMemoryError: GC overhead limit exceeded</div><div>b. Check for a dump file /common/dumps/java.hprof and investigate if the issue is still occurring</div>
]]></item>
</resourceMap>