<?xml version="1.0" encoding="utf-8" standalone="yes"?>
<resourceMap bestPracticeId="NSX-ESG-003">
  <item id="title">NSX-ESG-003</item>
  <item id="recommendation"><![CDATA[If using ECMP mode, verify that no L7 services are configured.]]></item>
  <item id="justification"><![CDATA[L7 services cannot be used for edges in ECMP mode.
<p></p><p></p><b>References: </b>
<p></p><p></p>NSX Design Guide
<p></p><p></p><b>Procedure: </b>
<p></p><p></p><p class="MsoNormal"><span style="font-size: 10.5pt; font-family: Arial;">Log in to the vSphere Web Client.&nbsp;</span><span style="font-family:&quot;Times New Roman&quot;;mso-fareast-font-family:&quot;Times New Roman&quot;"><o:p></o:p></span></p>

<p class="MsoNormal"><span style="font-size: 10.5pt; font-family: Arial;">Click <b><i>Networking &amp; Security</i></b> and then click
<i style="font-weight: bold;">NSX Ed</i><b><i>ges</i></b>.&nbsp;<o:p></o:p></span></p>

<p class="MsoNormal"><span style="font-size: 10.5pt; font-family: Arial;">Double-click an NSX Edge.&nbsp;<o:p></o:p></span></p>

<p class="MsoNormal"><span style="font-size: 10.5pt; font-family: Arial;">Click through each of the tabs and verify that no L7 services are configured.<o:p></o:p></span></p>

<p class="MsoNormal"><o:p>&nbsp;</o:p></p>

<!--EndFragment-->
]]></item>
</resourceMap>