<?xml version="1.0" encoding="utf-8" standalone="yes"?>
<resourceMap bestPracticeId="NSX-ESX-010">
  <item id="title">NSX-ESX-010</item>
  <item id="recommendation"><![CDATA[Verify HW TSO states in ESXi 5.5.]]></item>
  <item id="justification"><![CDATA[ESXi 5.5 has a software TSO emulation issue that causes bandwidth degradation due to TSO failures.
<p></p><p></p><b>References: </b>
<p></p><p></p>vSphere 5.5 Release Notes
<p></p><p></p><b>Procedure: </b>
<p></p><p></p>Log in to the vSphere Web Client. Navigate to the host<div><br></div><div>Click <b><i>Manage</i></b> and then click <b><i>Settings</i></b>.</div><div><br></div><div>Expand the System section and click <b><i>Advanced System Settings</i></b>&nbsp;</div><div><br></div><div>Examine the value of the Net.UseHwTSO and Net.UseHwTSO6 parameters</div><div>&nbsp; &nbsp; &nbsp; &nbsp; Net.UseHwTSO shows the TSO state for IPv4, and Net.UseHwTSO6 for IPv6. TSO is enabled if the property is set to 1.</div>
]]></item>
</resourceMap>