<?xml version="1.0" encoding="utf-8" standalone="yes"?>
<resourceMap bestPracticeId="NSX-VCR-001">
  <item id="title">NSX-VCR-001</item>
  <item id="recommendation"><![CDATA[Verify all UI plugins are deployed in VMware vCenter Server.]]></item>
  <item id="justification"><![CDATA[All UI plugins are required for full functionality.
<p></p><p></p><b>References: </b>
<p></p><p></p>NSX Administration Guide
<p></p><p></p><b>Procedure: </b>
<p></p><p></p><div>Login to the VCenter and browse to the below location:&nbsp;</div><div><br></div><div>Check if each of the plugins are deployed VCVA Location:&nbsp;</div><div>&nbsp; &nbsp; For 5.5.x: /var/lib/vmware/vsphere-client/vc-packages/vsphere-client-serenity&nbsp;</div><div>&nbsp; &nbsp; For 6.0.x: /etc/vmware/vsphere-client/vc-packages/vsphere-client-serenity</div><div><br></div><div>Windows vCenter (5.5) Location:&nbsp;</div><div>&nbsp; &nbsp; C:\ProgramData\VMware\vSphere WebClient\vc-packages\vsphere-client-serenity</div><div><br></div><div>Windows vCenter (6.x) Location:&nbsp;</div><div>&nbsp; &nbsp; C:\ProgramData\VMware\vCenterServer\cfg\vSphere-client\vc-packages\vsphere-client-serenity&nbsp;</div><div><br></div><div>If you see multiple folders in this dir then you should clear the bundles and restart the webclient. This should again deploy the latest Plugin folder.</div>
]]></item>
</resourceMap>