<?xml version="1.0" encoding="utf-8" standalone="yes"?>
<resourceMap bestPracticeId="NSX-CTR-011">
  <item id="title">NSX-CTR-011</item>
  <item id="recommendation"><![CDATA[Confirm that the NSX Controller instances are running on separate hosts.]]></item>
  <item id="justification"><![CDATA[NSX Controller cluster remains resilient in the event of a failure scenario.
<p></p><p></p><b>References: </b>
<p></p><p></p>NSX Installation Guide
<p></p><p></p><b>Procedure: </b>
<p></p><p></p>Log into vSphere Web Client and visually verify that controller nodes are running on separate host.
]]></item>
</resourceMap>