<?xml version="1.0" encoding="utf-8" standalone="yes"?>
<resourceMap bestPracticeId="NSX-DFW-003">
  <item id="title">NSX-DFW-003</item>
  <item id="recommendation"><![CDATA[Evaluate user space memory usage of the vsfwd process for each prepared ESXi host.]]></item>
  <item id="justification"><![CDATA[A high usage percentage can slow down packet processing.
<p></p><p></p><b>References: </b>
<p></p><p></p>NSX Administration Guide
<p></p><p></p><b>Procedure: </b>
<p></p><p></p><div>On each host type <i>memstats -r group-stats -s name:min:max:eMin:consumed | grep vsfwd</i></div><div>--------------------------------------------------------------------------------------------------</div><div>gid name min max eMin consumed</div><div>--------------------------------------------------------------------------------------------------</div><div>4786 vsfwd 262144 -1 262144 1084</div><div>257222 vsfwd.166634 0 -1 11660 1084</div><div>Consumed - 1084/1024 = 1MB</div>
]]></item>
</resourceMap>