<?xml version="1.0" encoding="utf-8" standalone="yes"?>
<resourceMap bestPracticeId="NSX-CTR-006">
  <item id="title">NSX-CTR-006</item>
  <item id="recommendation"><![CDATA[Verify NSX Controller instances have joined the cluster properly.]]></item>
  <item id="justification"><![CDATA[To have proper sharding and master election, each NSX Controller must be joined to the controller cluster. Cluster membership provides data redundancy if there is an instance failure.
<p></p><p></p><b>References: </b>
<p></p><p></p>NSX Administration Guide
<p></p><p></p><b>Procedure: </b>
<p></p><p></p>Log into each controller and type '<i>show control-cluster status</i>'. Verify that each controller node has a unique node UUID. Verify that all the controllers display the same Cluster ID.
]]></item>
</resourceMap>