<?xml version="1.0" encoding="utf-8" standalone="yes"?>
<resourceMap bestPracticeId="NSX-ESG-009">
  <item id="title">NSX-ESG-009</item>
  <item id="recommendation"><![CDATA[Verify that ESGs using HA are running on separate hosts.]]></item>
  <item id="justification"><![CDATA[If instances are running on the same host, network outages can occur in a failure scenario.
<p></p><p></p><b>References: </b>
<p></p><p></p>NSX Design Guide
<p></p><p></p><b>Procedure: </b>
<p></p><p></p>In the vSphere Web Client, select each ESG VM instance and verify that they are not running on the same host.
]]></item>
</resourceMap>