<?xml version="1.0" encoding="utf-8" standalone="yes"?>
<resourceMap bestPracticeId="NSX-VCR-009">
  <item id="title">NSX-VCR-009</item>
  <item id="recommendation"><![CDATA[Verify that VMware vCenter Single Sign-On service is running.]]></item>
  <item id="justification"><![CDATA[vCenter Single Sign-On service is required for granting permissions for NSX Manager configuration.
<p></p><p></p><b>References: </b>
<p></p><p></p>NSX Administration Guide
<p></p><p></p><b>Procedure: </b>
<p></p><p></p><div>Check the SSO related services status in vCenter UI. Administration &gt; System Config &gt; Nodes</div><div>a. Check that the health of the PSC is showing: Health - Good and that the Workload is showing Good for all categories</div><div>Login into the CLI of the PSC in shell mode:</div><div>i. Enable BASH access: ""shell.set --enabled True""</div><div>ii. Type shell</div><div>b. Check the services that are a part of SSO:</div><div>i. STS (Security Token Service) - service-control --status vmware-stsd</div><div>ii. Administration server - service-control --status vmware-vmafdd</div><div>iii. VMware Directory Service (vmdir) - service-control --status vmdird</div><div>iv. Identity Management Service - service-control --status vmware-sts-idmd</div><div><br></div><div>You should see a similar output, confirm that each service listed above are showing running status</div><div>INFO:root:Service: vmware-stsd, Action: status</div><div>Service: vmware-stsd, Action: status</div><div>2016-06-03T00:06:18.906Z Running command: ['/sbin/service', u'vmware-stsd', 'status']</div><div>2016-06-03T00:06:19.020Z Done running command</div><div>INFO:root:Running:</div><div>vmware-stsd (VMware Security Token Service)</div>
]]></item>
</resourceMap>