<?xml version="1.0" encoding="utf-8" standalone="yes"?>
<resourceMap bestPracticeId="NSX-ESG-013">
  <item id="title">NSX-ESG-013</item>
  <item id="recommendation"><![CDATA[If the firewall on the ESG is enabled, evaluate firewall advanced parameters, such as TCP/UDP/ICMP timeouts.]]></item>
  <item id="justification"><![CDATA[Misconfiguration can cause network outages or security issues.
<p></p><p></p><b>References: </b>
<p></p><p></p>NSX Administration Guide
<p></p><p></p><b>Procedure: </b>
<p></p><p></p><div style="box-sizing: border-box; font-family: &quot;Helvetica Neue&quot;, Helvetica, Arial, sans-serif;">Validate firewall rules with customers' security policy. To get the ESG<span style="font-family: arial;">&nbsp;advanced&nbsp;</span><span style="font-family: arial;">firewall&nbsp;</span><span style="font-family: arial;">parameters, use the following API call:</span></div><div style="box-sizing: border-box; font-family: &quot;Helvetica Neue&quot;, Helvetica, Arial, sans-serif;"><br></div><div style="box-sizing: border-box; font-family: &quot;Helvetica Neue&quot;, Helvetica, Arial, sans-serif;">GET https://<b><i>NSX-Manager-API</i></b>/api/4.0/edges/<b><i>edgeId</i></b>/firewall/config</div><div style="box-sizing: border-box; font-family: &quot;Helvetica Neue&quot;, Helvetica, Arial, sans-serif;"><br></div><div style="box-sizing: border-box; font-family: &quot;Helvetica Neue&quot;, Helvetica, Arial, sans-serif;">The concerned section is &lt;globalConfig&gt; (see example below):</div><div style="box-sizing: border-box; font-family: &quot;Helvetica Neue&quot;, Helvetica, Arial, sans-serif;"><br></div><div style="box-sizing: border-box; font-family: &quot;Helvetica Neue&quot;, Helvetica, Arial, sans-serif;">&lt;globalConfig&gt;</div><div style="box-sizing: border-box; font-family: &quot;Helvetica Neue&quot;, Helvetica, Arial, sans-serif;"><span class="Apple-tab-span" style="white-space:pre">	</span>&lt;tcpPickOngoingConnections&gt;false&lt;/tcpPickOngoingConnections&gt;</div><div style="box-sizing: border-box; font-family: &quot;Helvetica Neue&quot;, Helvetica, Arial, sans-serif;"><span class="Apple-tab-span" style="white-space:pre">	</span>&lt;tcpAllowOutOfWindowPackets&gt;false&lt;/tcpAllowOutOfWindowPackets&gt;</div><div style="box-sizing: border-box; font-family: &quot;Helvetica Neue&quot;, Helvetica, Arial, sans-serif;"><span class="Apple-tab-span" style="white-space:pre">	</span>&lt;tcpSendResetForClosedVsePorts&gt;true&lt;/tcpSendResetForClosedVsePorts&gt;</div><div style="box-sizing: border-box; font-family: &quot;Helvetica Neue&quot;, Helvetica, Arial, sans-serif;"><span class="Apple-tab-span" style="white-space:pre">	</span>&lt;dropInvalidTraffic&gt;true&lt;/dropInvalidTraffic&gt;</div><div style="box-sizing: border-box; font-family: &quot;Helvetica Neue&quot;, Helvetica, Arial, sans-serif;"><span class="Apple-tab-span" style="white-space:pre">	</span>&lt;logInvalidTraffic&gt;false&lt;/logInvalidTraffic&gt;</div><div style="box-sizing: border-box; font-family: &quot;Helvetica Neue&quot;, Helvetica, Arial, sans-serif;"><span class="Apple-tab-span" style="white-space:pre">	</span>&lt;tcpTimeoutOpen&gt;30&lt;/tcpTimeoutOpen&gt;</div><div style="box-sizing: border-box; font-family: &quot;Helvetica Neue&quot;, Helvetica, Arial, sans-serif;"><span class="Apple-tab-span" style="white-space:pre">	</span>&lt;tcpTimeoutEstablished&gt;3600&lt;/tcpTimeoutEstablished&gt;</div><div style="box-sizing: border-box; font-family: &quot;Helvetica Neue&quot;, Helvetica, Arial, sans-serif;"><span class="Apple-tab-span" style="white-space:pre">	</span>&lt;tcpTimeoutClose&gt;30&lt;/tcpTimeoutClose&gt;</div><div style="box-sizing: border-box; font-family: &quot;Helvetica Neue&quot;, Helvetica, Arial, sans-serif;"><span class="Apple-tab-span" style="white-space:pre">	</span>&lt;udpTimeout&gt;60&lt;/udpTimeout&gt;</div><div style="box-sizing: border-box; font-family: &quot;Helvetica Neue&quot;, Helvetica, Arial, sans-serif;"><span class="Apple-tab-span" style="white-space:pre">	</span>&lt;icmpTimeout&gt;10&lt;/icmpTimeout&gt;</div><div style="box-sizing: border-box; font-family: &quot;Helvetica Neue&quot;, Helvetica, Arial, sans-serif;"><span class="Apple-tab-span" style="white-space:pre">	</span>&lt;icmp6Timeout&gt;10&lt;/icmp6Timeout&gt;</div><div style="box-sizing: border-box; font-family: &quot;Helvetica Neue&quot;, Helvetica, Arial, sans-serif;"><span class="Apple-tab-span" style="white-space:pre">	</span>&lt;ipGenericTimeout&gt;120&lt;/ipGenericTimeout&gt;</div><div style="box-sizing: border-box; font-family: &quot;Helvetica Neue&quot;, Helvetica, Arial, sans-serif;">&lt;/globalConfig&gt;</div>
]]></item>
</resourceMap>