<?xml version="1.0" encoding="utf-8" standalone="yes"?>
<resourceMap bestPracticeId="NSX-ESX-001">
  <item id="title">NSX-ESX-001</item>
  <item id="recommendation"><![CDATA[Verify that netcpad is running.]]></item>
  <item id="justification"><![CDATA[This is required for communication with NSX Controller.
<p></p><p></p><b>References: </b>
<p></p><p></p>NSX Administration Guide
<p></p><p></p><b>Procedure: </b>
<p></p><p></p>On each host, run '<i>/etc/init.d/netcpad status</i>' or '<i>ps | grep netcpa</i>'. The status should be running.&nbsp;
]]></item>
</resourceMap>