<?xml version="1.0" encoding="utf-8" standalone="yes"?>
<resourceMap bestPracticeId="NSX-MON-002">
  <item id="title">NSX-MON-002</item>
  <item id="recommendation"><![CDATA[If using a certificate that is CA signed, verify that custom SSL is backed up.]]></item>
  <item id="justification"><![CDATA[A backup of the certificate enables secure communication between components to be restored after recovery from a failure scenario.
<p></p><p></p><b>References: </b>
<p></p><p></p>NSX Administration Guide
<p></p><p></p><b>Procedure: </b>
<p></p><p></p>Verify with customer that the custom SSL certificate is backed up.
]]></item>
</resourceMap>