<?xml version="1.0" encoding="utf-8" standalone="yes"?>
<resourceMap bestPracticeId="NSX-DFW-005">
  <item id="title">NSX-DFW-005</item>
  <item id="recommendation"><![CDATA[Verify that critical vCenter Server objects have been added to exclusion lists.]]></item>
  <item id="justification"><![CDATA[By default, only NSX components are automatically added to exclusion lists. Adding critical objects to the exclusion list prevents them from becoming inaccessible due to rule misconfiguration or component failure.
<p></p><p></p><b>References: </b>
<p></p><p></p>NSX Installation Guide 
<p></p><p></p><b>Procedure: </b>
<p></p><p></p>Navigate to the exclusion list via the web client and check that vCenter, the PSC and VUM are all in the exclusion list. &nbsp;If using Windows-based vCenter, validate that the DB server is also in the exclusion list. &nbsp;If there is a separate web server for the vCenter, also validate that it is in the exclusion list.
]]></item>
</resourceMap>