<?xml version="1.0" encoding="utf-8" standalone="yes"?>
<resourceMap bestPracticeId="NSX-MGR-022">
  <item id="title">NSX-MGR-022</item>
  <item id="recommendation"><![CDATA[Obtain a support log bundle before and after an NSX Manager upgrade.]]></item>
  <item id="justification"><![CDATA[The support logs before and after upgrade can aid in troubleshooting issues that might arise because of the upgrade.
<p></p><p></p><b>References: </b>
<p></p><p></p>NSX Upgrade Guide
<p></p><p></p><b>Procedure: </b>
<p></p><p></p><div>To gather vSphere diagnostic data using the VMware vSphere Web Client:</div><div><br></div><div>Open the vSphere Web Client.</div><div>Select <b><i>Hosts and Clusters</i></b> from the Home tab.</div><div>Select an ESXi host, or vCenter in the inventory.</div><div>Click <b><i>Actions</i></b>.</div><div>Select <b><i>All vCenter Actions</i></b> &gt; Export System Logs...</div><div>If a group of ESXi hosts are available in the selected context, select the host or group of hosts from the Source list.</div><div>Click Next.</div><div>In the System Logs pane, select the components for which the diagnostic information must be obtained. To collect diagnostic information for all the components, click Select All.</div><div>If required, select the Gather performance data option and specify a duration and interval.</div><div>Click <b><i>Generate Log Bundle</i></b>.</div><div>Click <b><i>Download Log Bundle</i></b>.</div><div><br></div><div>To gather NSX Manager diagnostic data:</div><div><br></div><div><div>Log in to the NSX Manager virtual appliance web UI.</div><div><br></div><div>Under Appliance Management, click <b><i>Manage Appliance Settings</i></b>.</div><div><br></div><div>Click the gear and then click <b><i>Download Tech Support Log</i></b>.</div><div><br></div><div>Click <b><i>Download.</i></b></div><div><br></div><div>After the log is ready, click the Save to download the log to your desktop.</div><div><span class="Apple-tab-span" style="white-space:pre">	</span>The log is compressed and has the file extension .gz.</div></div>
]]></item>
</resourceMap>