<?xml version="1.0" encoding="utf-8" standalone="yes"?>
<resourceMap bestPracticeId="NSX-CVC-005">
  <item id="title">NSX-CVC-005</item>
  <item id="recommendation"><![CDATA[Evaluate and verify universal logical switch configuration.]]></item>
  <item id="justification"><![CDATA[Misconfiguration can result in network outages.
<p></p><p></p><b>References: </b>
<p></p><p></p>NSX Administration Guide
<p></p><p></p><b>Procedure: </b>
<p></p><p></p><div>"Validate Universal logical switch configuration by looking at the isUniversal tag which indicates if the logical switch is universal. This output can also be used to validate the Teaming policy and the backing portgroup for the logical switch which should match with the VDS teaming policy and VDS port group name</div><div>GET https://NSX-Manager-IP-Address/api/2.0/vdn/virtualwires</div><div>Response Body</div><div>&lt;virtualWires&gt;</div><div>&lt;sortedDataPage&gt;</div><div>&lt;datapart class=""virtualWire""&gt;</div><div>&lt;objectId&gt;virtualwire-1&lt;/objectId&gt;</div><div>&lt;name&gt;vWire1&lt;/name&gt;</div><div>&lt;description&gt;logical switch 1&lt;/description&gt;</div><div>&lt;tenantId&gt;logical switch tenant&lt;/tenantId&gt;</div><div>&lt;revision&gt;0&lt;/revision&gt;</div><div>&lt;vdnScopeId&gt;vdnscope-7&lt;/vdnScopeId&gt;</div><div>&lt;vdsContextWithBacking&gt; &lt;teaming&gt;ETHER_CHANNEL&lt;/teaming&gt;</div><div>&lt;switchId&gt;dvs-81&lt;/switchId&gt;</div><div>&lt;backingType&gt;portgroup&lt;/backingType&gt; &lt;backingValue&gt;dvportgroup-88&lt;/backingValue&gt;</div><div>&lt;/vdsContextWithBacking&gt; &lt;vdnId&gt;900001&lt;/vdnId&gt;</div><div>&lt;multicastAddr&gt;239.0.0.3&lt;/multicastAddr&gt; &lt;isUniversal&gt;TRUE&lt;/isUniversal&gt;</div><div>&lt;/datapart&gt;</div><div>&lt;datapart class=""virtualWire""&gt;....&lt;/datapart&gt;</div><div>&lt;pagingInfo&gt;</div><div>&lt;pageSize&gt;20&lt;/pageSize&gt;</div><div>&lt;startIndex&gt;0&lt;/startIndex&gt;</div><div>&lt;totalCount&gt;3&lt;/totalCount&gt;</div><div>&lt;sortOrderAscending&gt;false&lt;/sortOrderAscending&gt;</div><div>&lt;/pagingInfo&gt;</div><div>&lt;/sortedDataPage&gt;</div><div>&lt;/virtualWires&gt;"</div>
]]></item>
</resourceMap>