<?xml version="1.0" encoding="utf-8" standalone="yes"?>
<resourceMap bestPracticeId="NSX-ESG-008">
  <item id="title">NSX-ESG-008</item>
  <item id="recommendation"><![CDATA[Evaluate free available disk space.]]></item>
  <item id="justification"><![CDATA[ESG instances can become unstable if there is inadequate free disk space.
<p></p><p></p><b>References: </b>
<p></p><p></p>NSX Administration Guide
<p></p><p></p><b>Procedure: </b>
<p></p><p></p><span style="font-family: Calibri; font-size: 14.6667px;">From the CLI of the DLR, enter&nbsp;</span><i style="font-family: Calibri; font-size: 14.6667px;"><b>show system storage</b></i>
]]></item>
</resourceMap>