<?xml version="1.0" encoding="utf-8" standalone="yes"?>
<resourceMap bestPracticeId="NSX-ESG-010">
  <item id="title">NSX-ESG-010</item>
  <item id="recommendation"><![CDATA[Verify HA failover heartbeat.]]></item>
  <item id="justification"><![CDATA[Heartbeat should be less than 15 seconds.
<p></p><p></p><b>References: </b>
<p></p><p></p>NSX Administration Guide
<p></p><p></p><b>Procedure: </b>
<p></p><p></p><div>Use the NSX central CLI from the NSX Manager to execute the following command:&nbsp;</div><div><br></div><div><div><i>show edge 'edgeID'&nbsp;configuration highavailability</i></div><div><br></div><div>The parameter to check is&nbsp;<i><b>heartbeatInterval</b></i>.</div><div><br></div><div>Alternate procedure</div><div>nsx-edge&gt; &nbsp;show configuration highavailability</div></div>
]]></item>
</resourceMap>