<?xml version="1.0" encoding="utf-8" standalone="yes"?>
<resourceMap bestPracticeId="NSX-MON-003">
  <item id="title">NSX-MON-003</item>
  <item id="recommendation"><![CDATA[Verify the vCenter Server managed IP address.]]></item>
  <item id="justification"><![CDATA[A vCenter Server managed IP address not matching the vCenter Server FQDN can have a negative impact on EAM agents.
<p></p><p></p><b>References: </b>
<p></p><p></p>NSX Troubleshooting Guide
<p></p><p></p><b>Procedure: </b>
<p></p><p></p>Verify with customer.
]]></item>
</resourceMap>