<?xml version="1.0" encoding="utf-8" standalone="yes"?>
<resourceMap bestPracticeId="NSX-MGR-004">
  <item id="title">NSX-MGR-004</item>
  <item id="recommendation"><![CDATA[Verify that NSX backups are configured and scheduled for regular occurrence.]]></item>
  <item id="justification"><![CDATA[Backups are essential to maintaining continuation of operations if there is a failure scenario.
<p></p><p></p><b>References: </b>
<p></p><p></p>NSX Administration Guide
<p></p><p></p><b>Procedure: </b>
<p></p><p></p>a. Login to NSX Manager appliance UI<br>b. Select Manage Appliance Settings -&gt; Backup &amp; Restore<br>c. Confirm an FTP server is configured and Sechduling is enabled<br>d. Confirm the Backup History section shows historical backups
]]></item>
</resourceMap>