<?xml version="1.0" encoding="utf-8" standalone="yes"?>
<resourceMap bestPracticeId="NSX-DLR-009">
  <item id="title">NSX-DLR-009</item>
  <item id="recommendation"><![CDATA[Evaluate free available disk space.]]></item>
  <item id="justification"><![CDATA[DLR control VM can become unstable if there is inadequate free disk space.
<p></p><p></p><b>References: </b>
<p></p><p></p>NSX Administration Guide
<p></p><p></p><b>Procedure: </b>
<p></p><p></p>From the CLI of the DLR, enter <b><i>show system storage</i></b>
]]></item>
</resourceMap>