<?xml version="1.0" encoding="utf-8" standalone="yes"?>
<resourceMap bestPracticeId="NSX-VCR-003">
  <item id="title">NSX-VCR-003</item>
  <item id="recommendation"><![CDATA[Verify that DNS is configured correctly on the vCenter Server instance.]]></item>
  <item id="justification"><![CDATA[Misconfiguration can cause connectivity issues.
<p></p><p></p><b>References: </b>
<p></p><p></p>NSX Administration Guide
<p></p><p></p><b>Procedure: </b>
<p></p><p></p><div>For Windows vCenter Server</div><div>&nbsp;C:\Users\Administrator&gt;ipconfig /all</div><div>&nbsp;Ethernet adapter Ethernet 2:</div><div>&nbsp;Connection-specific DNS Suffix . :</div><div>&nbsp;Description . . . . . . . . . . . : vmxnet3 Ethernet Adapter</div><div>&nbsp;Physical Address. . . . . . . . . : 00-50-56-03-1F-43</div><div>&nbsp;DHCP Enabled. . . . . . . . . . . : No</div><div>&nbsp;Autoconfiguration Enabled . . . . : Yes</div><div>&nbsp;Link-local IPv6 Address . . . . . : fe80::9895:dc71:f9cd:1ab4%16(Preferred)</div><div>&nbsp;IPv4 Address. . . . . . . . . . . : 192.168.1.10(Preferred)</div><div>&nbsp;Subnet Mask . . . . . . . . . . . : 255.255.240.0</div><div>&nbsp;Default Gateway . . . . . . . . . :</div><div>&nbsp;DHCPv6 IAID . . . . . . . . . . . : 318787670</div><div>&nbsp;DHCPv6 Client DUID. . . . . . . . : 00-01-00-01-1C-90-DC-87-00-50-56-03-47-4B &nbsp; DNS Servers . . . . . . . . . . . : 192.168.1.2 &nbsp; &nbsp; &nbsp; &nbsp; &nbsp; &nbsp; &nbsp; &nbsp; &nbsp; &nbsp; &nbsp; &nbsp; &nbsp; &nbsp; &nbsp; &nbsp; &nbsp; &nbsp; &nbsp; &nbsp; &nbsp; &nbsp; &nbsp; &nbsp; &nbsp; &nbsp; &nbsp; &nbsp; &nbsp;10.16.65.110</div><div>NetBIOS over Tcpip. . . . . . . . : Enabled</div><div><br></div><div>For vCenter Server Appliance (Run the following Command)</div><div>localhost:~ # /opt/vmware/share/vami/vami_config_net</div><div>Main Menu</div><div>0) Show Current Configuration (scroll with Shift-PgUp/PgDown)</div><div>1) Exit this program</div><div>2) Default Gateway</div><div>3) Hostname</div><div>4) DNS</div><div>5) Proxy Server</div><div>6) IP Address Allocation for eth0</div><div>Enter a menu number [0]: 0</div><div>Network Configuration for eth0</div><div>IPv4 Address: 10.109.0.39</div><div>Netmask: 255.255.248.0</div><div>IPv6 Address:</div><div>Prefix:</div><div>Global Configuration</div><div>IPv4 Gateway: 10.109.7.253</div><div>IPv6 Gateway:</div><div>Hostname: localhost.localdom DNS Servers: 4.2.2.2, 8.8.8.8</div><div>Proxy Server:</div>
]]></item>
</resourceMap>