<?xml version="1.0" encoding="utf-8" standalone="yes"?>
<resourceMap bestPracticeId="NSX-ESX-004">
  <item id="title">NSX-ESX-004</item>
  <item id="recommendation"><![CDATA[Verify vsfwd connectivity to the VMware vFabric&reg; RabbitMQ broker.]]></item>
  <item id="justification"><![CDATA[Connectivity is required for communication with NSX Manager.
<p></p><p></p><b>References: </b>
<p></p><p></p>NSX Administration Guide
<p></p><p></p><b>Procedure: </b>
<p></p><p></p><div>Run this command on ESXi hosts to see a list of connections from the vsfwd process on the ESXi host to the NSX Manager:</div><div>a. esxcli network ip connection list |grep 5671</div><div>b. Note: Also, there should be at least two connections on port 5671. There can be more connections on port 5671 as there are NSX Edge virtual machines deployed on the ESXi host which also establish connections to the RMQ broker</div>
]]></item>
</resourceMap>