<?xml version="1.0" encoding="utf-8" standalone="yes"?>
<resourceMap bestPracticeId="NSX-VCR-011">
  <item id="title">NSX-VCR-011</item>
  <item id="recommendation"><![CDATA[Verify vSphere Distributed Switch health check is configured.]]></item>
  <item id="justification"><![CDATA[The health check support in vSphere Distributed Switch helps you identify and troubleshoot configuration errors in a vSphere Distributed Switch.<p class="Para" id="GUID-4A6C1E1C-8577-4AE6-8459-EEB942779A82__P_37DF4302B4B84D2A9B256B6FE81990B8" style="margin-right: 0em; margin-left: 0px; padding-right: 0px; padding-left: 0px; line-height: 18px; margin-top: 0em !important; margin-bottom: 0em !important; padding-top: 0.4em !important; padding-bottom: 0.35em !important;"><a name="GUID-4A6C1E1C-8577-4AE6-8459-EEB942779A82__P_37DF4302B4B84D2A9B256B6FE81990B8" shape="rect"></a>vSphere runs regular health checks to examine certain settings on the distributed and physical switches to identify common errors in the networking configuration. The default interval between two health checks is 1 minute.</p>
<p></p><p></p><b>References: </b>
<p></p><p></p>ESXi, vCenter Server, vSphere Networking Guide
<p></p><p></p><b>Procedure: </b>
<p></p><p></p><p class="Para" style="margin-right: 0em; margin-left: 0px; padding-right: 0px; padding-left: 0px; line-height: 18px; margin-top: 0em !important; margin-bottom: 0em !important; padding-top: 0.4em !important; padding-bottom: 0.35em !important;">The vSphere Distributed Switch health check feature must be enabled to perform checks on distributed switch configurations. Please note that the vSphere Distributed Switch must be in version 5.1 or later.</p><div><ol><li>When connected to the vSphere Web Client, navigate to the distributed switch.</li><li>From the Actions menu, selectSettings &gt; Edit Health Check.</li><li>Use the drop-down menus to enable or disable health check options: <b><i>VLAN and MTU</i></b> and/or <b><i>Teaming and Failover</i></b>.</li></ol></div><!--EndFragment-->
]]></item>
</resourceMap>