<?xml version="1.0" encoding="utf-8" standalone="yes"?>
<resourceMap bestPracticeId="NSX-CTR-003">
  <item id="title">NSX-CTR-003</item>
  <item id="recommendation"><![CDATA[Verify NSX Controller cluster has elected a master.]]></item>
  <item id="justification"><![CDATA[The master is responsible for allocating shards to individual controller nodes, determining when a node has failed, and reallocating the shards to the other nodes. The master also informs the VMware ESXi&trade; hosts about the failure of the cluster node.
<p></p><p></p><b>References: </b>
<p></p><p></p>NSX Administration Guide
<p></p><p></p><b>Procedure: </b>
<p></p><p></p>Log into each controller node and type '<i>show control-cluster connections'</i> . If a controller node is a LEADER then - persistence_server shows Y and open conns shows 2 (considering 3 controllers are up)
]]></item>
</resourceMap>