<?xml version="1.0" encoding="utf-8" standalone="yes"?>
<resourceMap bestPracticeId="NSX-CVC-003">
  <item id="title">NSX-CVC-003</item>
  <item id="recommendation"><![CDATA[Evaluate and verify the universal Distributed Logical Router (uDLR) configuration.]]></item>
  <item id="justification"><![CDATA[Misconfiguration might result in network outages or inefficient routing decisions.
<p></p><p></p><b>References: </b>
<p></p><p></p>NSX Administration Guide
<p></p><p></p><b>Procedure: </b>
<p></p><p></p><div>List universal logical routers and verify if it is a universal DLR with local egress configuration</div><div>List configured logical routers and make note of the Edge ID</div><div><br></div><div>GET https://NSX-Manager-IP-Address/api/4.0/edges</div><div>&lt;?xml version=""1.0"" encoding=""UTF-8""?&gt;</div><div>&lt;name&gt;ldr01&lt;/name&gt;</div><div>&lt;isUpgradeAvailable&gt;true&lt;/isUpgradeAvailable&gt;&nbsp;</div><div>&lt;id&gt;edge-99&lt;/id&gt;</div><div><br></div><div>Once the Edge ID has been obtained we can query the Edge and validate if it is a Universal Edge. If value is True the Edge is a Universal Edge.</div><div><br></div><div>GET https://NSX-Manager-IP-Address/api/4.0/edges/edgeId?isUniversal=true</div><div>&lt;?xml version=""1.0"" encoding=""UTF-8""?&gt;</div><div>&lt;edge&gt;</div><div>&nbsp; &lt;id&gt;edge-99&lt;/id&gt;</div><div>&nbsp; &lt;version&gt;21&lt;/version&gt;</div><div>&nbsp; &lt;status&gt;deployed&lt;/status&gt;</div><div>&nbsp; &lt;type&gt;distributedRouter&lt;/type&gt; &lt;isUniversal&gt;True&lt;/isUniversal&gt;</div><div>&nbsp; &lt;mgmtInterface&gt;</div><div><br></div><div>Alternatively, this can be run from Central CLI</div><div><br></div><div>nsx-mgr&gt; show logical-router controller master dlr edge-ID brief</div><div>LR-Id LR-Name Universal Service-Controller Egress-Locale In-Sync Sync-Category 0x1388 default+edge-1 true 192.168.1.1 local Yes NORMAL</div><div>masterControllerIp=192.168.1.1</div>
]]></item>
</resourceMap>