<?xml version="1.0" encoding="utf-8" standalone="yes"?>
<resourceMap bestPracticeId="NSX-MGR-015">
  <item id="title">NSX-MGR-015</item>
  <item id="recommendation"><![CDATA[Verify that syslog is configured to log to VMware vRealize Log Insight or other syslog server.]]></item>
  <item id="justification"><![CDATA[Log entry retention is essential for effective troubleshooting.
<p></p><p></p><b>References: </b>
<p></p><p></p>NSX Installation Guide
<p></p><p></p><b>Procedure: </b>
<p></p><p></p>Login to the NSX Manager appliance via it's Web Interface and check on Syslog configuration
]]></item>
</resourceMap>