<?xml version="1.0" encoding="utf-8" standalone="yes"?>
<resourceMap bestPracticeId="NSX-CTR-005">
  <item id="title">NSX-CTR-005</item>
  <item id="recommendation"><![CDATA[Confirm each NSX Controller instance has the same set of IP addresses registered in the startup nodes list.]]></item>
  <item id="justification"><![CDATA[To have proper sharding and master election, each NSX Controller must have a list of other NSX Controller instances in the cluster.
<p></p><p></p><b>References: </b>
<p></p><p></p>NSX Administration Guide
<p></p><p></p><b>Procedure: </b>
<p></p><p></p>Log into each controller and type '<i>show control-cluster startup-nodes</i>'. Verify all controllers in the cluster are listed.
]]></item>
</resourceMap>