<?xml version="1.0" encoding="utf-8" standalone="yes"?>
<resourceMap bestPracticeId="NSX-ESG-007">
  <item id="title">NSX-ESG-007</item>
  <item id="recommendation"><![CDATA[Verify that ESGs have a status of Deployed.]]></item>
  <item id="justification"><![CDATA[A state other than Deployed might indicate that the ESG is having issues.
<p></p><p></p><b>References: </b>
<p></p><p></p>NSX Troubleshooting Guide
<p></p><p></p><b>Procedure: </b>
<p></p><p></p><p class="MsoNormal"><span style="font-size: 10.5pt; font-family: Arial;">Log in to the vSphere Web Client.&nbsp;</span><span style="font-family:&quot;Times New Roman&quot;;mso-fareast-font-family:&quot;Times New Roman&quot;"><o:p></o:p></span></p>

<span style="font-size: 10.5pt; font-family: Arial;">Click <i><b>Networking &amp; Security </b></i>and then click <b><i>NSX Edges</i></b>. Verify the status is <b><i>Deployed</i></b>.</span><!--EndFragment-->
]]></item>
</resourceMap>