<?xml version="1.0" encoding="utf-8" standalone="yes"?>
<resourceMap bestPracticeId="NSX-VCR-008">
  <item id="title">NSX-VCR-008</item>
  <item id="recommendation"><![CDATA[Verify EAM service is running]]></item>
  <item id="justification"><![CDATA[EAM is required for installing VIBs during NSX host preparation.
<p></p><p></p><b>References: </b>
<p></p><p></p>NSX Installation Guide
<p></p><p></p><b>Procedure: </b>
<p></p><p></p><div>Check the EAM service status in vCenter UI. Administration &gt; System Config &gt; Services</div><div>Check that the health is showing Good and state is showing Running</div><div><br></div><div>Login into the CLI of vCenter Server in shell mode:</div><div>Check EAM service with the following command - service-control --status vmware-eam</div><div><br></div><div>You should see a similar output to below, confirm that the service is showing running status</div><div>INFO:root:Service: vmware-eam, Action: status</div><div>Service: vmware-eam, Action: status</div><div>2016-06-03T00:09:46.286Z Running command: ['/sbin/service', u'vmware-eam', 'status']</div><div>2016-06-03T00:09:46.393Z Done running command</div><div>INFO:root:Running:</div><div>vmware-eam (VMware ESX Agent Manager)</div>
]]></item>
</resourceMap>