<?xml version="1.0" encoding="utf-8" standalone="yes"?>
<resourceMap bestPracticeId="NSX-MGR-014">
  <item id="title">NSX-MGR-014</item>
  <item id="recommendation"><![CDATA[Verify that all NSX Manager UI modules exist and are functional.]]></item>
  <item id="justification"><![CDATA[If some are missing, UI will not have those features.
<p></p><p></p><b>References: </b>
<p></p><p></p>NSX Administration Guide
<p></p><p></p><b>Procedure: </b>
<p></p><p></p><div>Login to manager shell and cd to /home/secureall/secureall/sem/ and check it has vsmext.zip file. Check the contents and make sure it has all of these:</div><div>1. UI Plugins (Flex Platform)</div><div>a. Vshield-networkingsecurity-ui</div><div>b. Vshield-vxlan-ui</div><div>c. Vshield-edge-ui</div><div>d. Vshield-core-ui</div><div>e. Vshield-security-ui</div><div>f. Vshield-commonservice-infra-ui</div><div><br></div><div>2. Services (Java Platform)</div><div>a. Vshield-common-service</div><div>b. Vshield-edge-service</div><div>c. Vshield-security-service</div><div>d. Vshield-core-service</div><div>e. Vshield-vxlan-service</div>
]]></item>
</resourceMap>