<?xml version="1.0" encoding="utf-8" standalone="yes"?>
<resourceMap bestPracticeId="NSX-DFW-002">
  <item id="title">NSX-DFW-002</item>
  <item id="recommendation"><![CDATA[Evaluate heap memory usage of VSIP process for each prepared ESXi host.]]></item>
  <item id="justification"><![CDATA[A usage percentage below 30 percent might indicate that the firewall is not functioning correctly.
<p></p><p></p><b>References: </b>
<p></p><p></p>NSX Administration Guide
<p></p><p></p><b>Procedure: </b>
<p></p><p></p><div>For versions of NSX 6.2.x and prior, check vsip memory via &nbsp;<i>vsish -a /systems/heaps/vsip-0x&lt;alpha-numeric&gt;</i></div><div>For versions of NSX 6.2.4 and above, vsip heap memory has the following tags to it;</div><div>&nbsp;/system/heaps/vsip-attr-0x&lt;alpha-numeric&gt;</div><div>&nbsp;/system/heaps/vsip-flow-0x&lt;alpha-numeric&gt;</div><div>&nbsp;/system/heaps/vsip-ipdiscovery-0x&lt;alpha-numeric&gt;</div><div>&nbsp;/system/heaps/vsip-rules-0x&lt;alpha-numeric&gt;</div><div>&nbsp;/system/heaps/vsip-state-0x&lt;alpha-numeric&gt;</div><div>&nbsp;/system/heaps/vsip-module-0x&lt;alpha-numeric&gt;</div>
]]></item>
</resourceMap>