<?xml version="1.0" encoding="utf-8" standalone="yes"?>
<resourceMap bestPracticeId="NSX-MGR-008">
  <item id="title">NSX-MGR-008</item>
  <item id="recommendation"><![CDATA[Verify that the NSX Manager has connectivity to all NSX prepared hosts.]]></item>
  <item id="justification"><![CDATA[A lack of connectivity between NSX manager and NSX prepared hosts causes data plane issues.
<p></p><p></p><b>References: </b>
<p></p><p></p>NSX Administration Guide
<p></p><p></p><b>Procedure: </b>
<p></p><p></p>Execute the following from the start engineering mode # rabbitmqctl list_connections<br>Check if the ESXi hosts management IP has be represented with a UW-&lt;MOB-ID&gt;
]]></item>
</resourceMap>