<?xml version="1.0" encoding="utf-8" standalone="yes"?>
<resourceMap bestPracticeId="NSX-CTR-001">
  <item id="title">NSX-CTR-001</item>
  <item id="recommendation"><![CDATA[Verify that there are three VMware NSX Controller instances in the environment.]]></item>
  <item id="justification"><![CDATA[The three NSX Controller nodes form a control cluster. Having three controller nodes provides data redundancy in case of failure of one NSX Controller node.
<p></p><p></p><b>References: </b>
<p></p><p></p>NSX Installation Guide
<p></p><p></p><b>Procedure: </b>
<p></p><p></p>Login to the vCenter Web Client,&nbsp;<div>Click on Networking &amp; Security,&nbsp;</div><div>Select Installation,&nbsp;</div><div>Select Management</div><div><span class="Apple-tab-span" style="white-space:pre">	</span>Under NSX Controller Nodes, verify that only 3 entries are present and have peering with each other.</div>
]]></item>
</resourceMap>