<?xml version="1.0" encoding="utf-8" standalone="yes"?>
<resourceMap bestPracticeId="NSX-ESX-006">
  <item id="title">NSX-ESX-006</item>
  <item id="recommendation"><![CDATA[If using jumbo frames, validate that the vNICS of guest VMs and internal interfaces of DLR (if in use) are set to 8900 MTUs or less.]]></item>
  <item id="justification"><![CDATA[The maximum size of a packet leaving the VTEP interface can be 9000 bytes. The VMware vSphere Distributed Switch&trade; maximum is 9000, and VXLAN headers will add 50 bytes, so the packets leaving the VM must leave headroom for headers.
<p></p><p></p><b>References: </b>
<p></p><p></p>NSX Installation Guide
<p></p><p></p><b>Procedure: </b>
<p></p><p></p>Validate vNIC configuration and DLR configuration.
KB article is expecting to be updated.
Physical NICs are set to 9000 when VDS is configured and cannot be changed
]]></item>
</resourceMap>