<?xml version="1.0" encoding="utf-8" standalone="yes"?>
<resourceMap bestPracticeId="NSX-ESG-005">
  <item id="title">NSX-ESG-005</item>
  <item id="recommendation"><![CDATA[Configure a dedicated HA interface.]]></item>
  <item id="justification"><![CDATA[If not defined, HA uses the first internal interface, which might conflict with compute traffic.
<p></p><p></p><b>References: </b>
<p></p><p></p>NSX Administration Guide
<p></p><p></p><b>Procedure: </b>
<p></p><p></p><p class="MsoNormal"><span style="font-size: 10.5pt; font-family: Arial;">Log in to the vSphere Web Client.&nbsp;</span><span style="font-family:&quot;Times New Roman&quot;;mso-fareast-font-family:&quot;Times New Roman&quot;"><o:p></o:p></span></p>

<p class="MsoNormal"><span style="font-size: 10.5pt; font-family: Arial;">Click <b><i>Networking &amp; Security</i></b> and then click
<b><i>NSX Edges</i></b>.&nbsp;<o:p></o:p></span></p>

<p class="MsoNormal"><span style="font-size: 10.5pt; font-family: Arial;">Double-click an NSX Edge.&nbsp;<o:p></o:p></span></p>

<p class="MsoNormal"><span style="font-size: 10.5pt; font-family: Arial;">Click <b><i>Settings</i></b>&nbsp;</span></p><p class="MsoNormal"><span style="font-size: 10.5pt; font-family: Arial;">Click <i><b>Change</b> </i>under the HA Configuration pane. Evaluate the configuration and make any necessary changes.<o:p></o:p></span></p>

<p class="MsoNormal"><o:p>&nbsp;</o:p></p>

<!--EndFragment-->
]]></item>
</resourceMap>