<?xml version="1.0" encoding="utf-8" standalone="yes"?>
<resourceMap bestPracticeId="NSX-CVC-007">
  <item id="title">NSX-CVC-007</item>
  <item id="recommendation"><![CDATA[Evaluate and verify the universal transport zone configuration.]]></item>
  <item id="justification"><![CDATA[To use universal logical switches, clusters must be assigned to the universal transport zone.
<p></p><p></p><b>References: </b>
<p></p><p></p>NSX Administration Guide
<p></p><p></p><b>Procedure: </b>
<p></p><p></p><div>"Query configured Universal transport zone and check if the transport zone is a Universal transport zone, also validate the Cluster name and datacenter name.</div><div>This output will be used to validate if the cluster is part of the Universal Transport zone and is participating in Cross vCenter configuration.</div><div>GET https://NSX-Manager-IP-Address/api/2.0/vdn/scopes/utzId</div><div>Response Body:</div><div>&lt;vdnScope&gt;</div><div>&lt;objectId&gt;vdnscope-2&lt;/objectId&gt;</div><div>&lt;type&gt;</div><div>&lt;typeName&gt;VdnScope&lt;/typeName&gt;</div><div>&lt;/type&gt;</div><div>&lt;name&gt;UNI_TZ&lt;/name&gt;</div><div>&lt;description&gt;Universal Transport Zone&lt;/description&gt;</div><div>&lt;revision&gt;0&lt;/revision&gt;</div><div>&lt;objectTypeName&gt;VdnScope&lt;/objectTypeName&gt;</div><div>&lt;extendedAttributes&gt;&lt;/extendedAttributes&gt;</div><div>&lt;id&gt;vdnscope-2&lt;/id&gt;</div><div>&lt;clusters&gt;</div><div>&lt;cluster&gt;</div><div>&lt;objectId&gt;domain-c124&lt;/objectId&gt;</div><div>&lt;type&gt; &lt;typeName&gt;ClusterComputeResource&lt;/typeName&gt;</div><div>&lt;/type&gt; &lt;name&gt;vxlan-cluster&lt;/name&gt;</div><div>&lt;scope&gt; &lt;id&gt;datacenter-2&lt;/id&gt;</div><div>&lt;objectTypeName&gt;Datacenter&lt;/objectTypeName&gt; &lt;name&gt;dc1&lt;/name&gt;</div><div>&lt;/scope&gt;</div><div>&lt;extendedAttributes&gt;&lt;/extendedAttributes&gt;</div><div>&lt;/cluster&gt;</div><div>&lt;cluster&gt;...&lt;/cluster&gt;</div><div>&lt;/clusters&gt;</div><div>&lt;virtualWireCount&gt;10&lt;/virtualWireCount&gt; &lt;isUniversal&gt;TRUE&lt;/isUniversal&gt;"</div>
]]></item>
</resourceMap>