<?xml version="1.0" encoding="utf-8" standalone="yes"?>
<resourceMap bestPracticeId="NSX-MGR-007">
  <item id="title">NSX-MGR-007</item>
  <item id="recommendation"><![CDATA[Verify that the NSX Manager has minimum of 4 vCPUs.]]></item>
  <item id="justification"><![CDATA[A lower number of vCPUs can cause performance issues.
<p></p><p></p><b>References: </b>
<p></p><p></p>NSX Installation Guide
<p></p><p></p><b>Procedure: </b>
<p></p><p></p>Check configured CPU and ensure a minimum of 4vCPUs. (On 6.2.2 NSX Manager supports up to 8 vCPUs)
]]></item>
</resourceMap>