<?xml version="1.0" encoding="utf-8" standalone="yes"?>
<resourceMap bestPracticeId="NSX-MON-005">
  <item id="title">NSX-MON-005</item>
  <item id="recommendation"><![CDATA[Confirm that ports required for NSX component communication are open.]]></item>
  <item id="justification"><![CDATA[Communication between components is required for control, management, and data plane operations.
<p></p><p></p><b>References: </b>
<p></p><p></p>NSX Installation Guide
<p></p><p></p><b>Procedure: </b>
<p></p><p></p>Verify with customer
]]></item>
</resourceMap>