<?xml version="1.0" encoding="utf-8" standalone="yes"?>
<resourceMap bestPracticeId="NSX-VCR-004">
  <item id="title">NSX-VCR-004</item>
  <item id="recommendation"><![CDATA[Verify that port 443 is open between vCenter Server and hosts.]]></item>
  <item id="justification"><![CDATA[Communication is required to download and install VIB files during NSX host preparation.
<p></p><p></p><b>References: </b>
<p></p><p></p>NSX Administration Guide
<p></p><p></p><b>Procedure: </b>
<p></p><p></p><div>This port is opened and closed dynamically. The intermediate devices between the ESXi hosts and vCenter Server must allow traffic using this port.</div><div><br></div><div>There are customer environment where vCenter and ESXi are not in the same broadcast domain. In that scenario if there is a firewall in between then this need to be checked. Or Else we can ignore this.</div>
]]></item>
</resourceMap>