<?xml version="1.0" encoding="utf-8" standalone="yes"?>
<resourceMap bestPracticeId="NSX-DLR-002">
  <item id="title">NSX-DLR-002</item>
  <item id="recommendation"><![CDATA[Evaluate the static routing configuration.]]></item>
  <item id="justification"><![CDATA[Misconfiguration can cause network outages or inefficient routing decisions.
<p></p><p></p><b>References: </b>
<p></p><p></p>NSX Administration Guide
<p></p><p></p><b>Procedure: </b>
<p></p><p></p>Log in to the vSphere Web Client.<div>Click <b><i>Networking &amp; Security</i></b> and then click <b><i>NSX Edges</i></b>.</div><div>Double-click an NSX Edge.&nbsp;</div><div>Click <b><i>Routing</i></b> and then click <b><i>Static Routes</i></b>. Evaluate the configuration.&nbsp;</div><div>This information can be cross referenced with the customer network information to validate network configuration.&nbsp;</div><div><br></div><div>Alternate procedure&nbsp;</div><div>nsx-edge&gt; show configuration ospf</div>
]]></item>
</resourceMap>