<?xml version="1.0" encoding="utf-8" standalone="yes"?>
<resourceMap bestPracticeId="NSX-ESX-007">
  <item id="title">NSX-ESX-007</item>
  <item id="recommendation"><![CDATA[Verify that syslog is configured to log to VMware vRealize Log Insight or another syslog server.]]></item>
  <item id="justification"><![CDATA[Log entry retention is essential for effective troubleshooting.
<p></p><p></p><b>References: </b>
<p></p><p></p>NSX Design Guide
<p></p><p></p><b>Procedure: </b>
<p></p><p></p>Use appropriate method (vSphere Web Client, PowerCLI, API, etc.) to configure loghost on every ESXi.
]]></item>
</resourceMap>