<?xml version="1.0" encoding="utf-8" standalone="yes"?>
<resourceMap bestPracticeId="NSX-CTR-009">
  <item id="title">NSX-CTR-009</item>
  <item id="recommendation"><![CDATA[On the NSX Controller that is owner for the VNI, verify all hosts with workloads using the VNI are listed in the VTEP table.]]></item>
  <item id="justification"><![CDATA[If hosts with workloads using the VNI are not listed in the VTEP table, network outages can occur.
<p></p><p></p><b>References: </b>
<p></p><p></p>NSX Administration Guide
<p></p><p></p><b>Procedure: </b>
<p></p><p></p><div>The VTEP table should be a list of all the VTEPs on all the hosts where the LS is applicable. For example, there are four hosts in the example topology. If there are two VTEPs configured per host, then there would be 4 entries in the VTEP table. If the command were run on the non-owning controller, the output will be "Error: Not found"</div><div><br></div><div>nsx-controller # show control-cluster logical-switches vtep-table 10000</div><div>VNI IP Segment MAC Connection-ID</div><div>10000 192.168.10.3 192.168.10.0 00:50:56:66:6a:3c 1</div><div>10000 192.168.10.2 192.168.10.0 00:50:56:67:ce:3c 5</div><div><br></div><div>Note: We are seeing only 2 VTEP entries for vni 10000 hence 2 VTEP IP</div><div><br></div><div>nsx-controller # show control-cluster logical-switches vni 10000</div><div>VNI Controller BUM-Replication ARP-Proxy Connections VTEPs</div><div>10000 10.172.143.105 Enabled Enabled 4 2</div>
]]></item>
</resourceMap>