<?xml version="1.0" encoding="utf-8" standalone="yes"?>
<resourceMap bestPracticeId="NSX-VCR-012">
  <item id="title">NSX-VCR-012</item>
  <item id="recommendation"><![CDATA[Verify vCenter Server and NSX version compatibility.]]></item>
  <item id="justification"><![CDATA[Version compatibility is required for all features and functions to be supported.
<p></p><p></p><b>References: </b>
<p></p><p></p>NSX Design Guide
<p></p><p></p><b>Procedure: </b>
<p></p><p></p>Check the VMware Product Interoperability Matrices to verify product versions are compatible.
]]></item>
</resourceMap>