<?xml version="1.0" encoding="utf-8" standalone="yes"?>
<resourceMap bestPracticeId="NSX-VCR-005">
  <item id="title">NSX-VCR-005</item>
  <item id="recommendation"><![CDATA[Verify that VMware vSphere Update Manager&trade; has been disabled during host preparation.]]></item>
  <item id="justification"><![CDATA[vSphere Update Manager might interfere with NSX host preparation. 
<p></p><p></p><b>References: </b>
<p></p><p></p>NSX Installation Guide
<p></p><p></p><b>Procedure: </b>
<p></p><p></p><div>For information on how to check if VUM is enabled and how to disable it if necessary, see http://ikb.vmware.com/kb/2053782.</div>
]]></item>
</resourceMap>