<?xml version="1.0" encoding="utf-8" standalone="yes"?>
<resourceMap bestPracticeId="NSX-ESG-011">
  <item id="title">NSX-ESG-011</item>
  <item id="recommendation"><![CDATA[Verify that NSX Edge has been adequately sized for service.]]></item>
  <item id="justification"><![CDATA[Inadequate sizing can cause performance issue as resources become over- utilized.
<p></p><p></p><b>References: </b>
<p></p><p></p>NSX Administration Guide
<p></p><p></p><b>Procedure: </b>
<p></p><p></p>In the vSphere Web Client, select each ESG VM instance.<div><br></div><div>Using the<b><i> Monitor</i></b> tab, evaluate each instance for a pattern of memory and CPU over-utilization.</div>
]]></item>
</resourceMap>