<?xml version="1.0" encoding="utf-8" standalone="yes"?>
<resourceMap bestPracticeId="NSX-ESX-009">
  <item id="title">NSX-ESX-009</item>
  <item id="recommendation"><![CDATA[When using stateless auto-deploy hosts with NSX, have an image profile available that does not contain the NSX VIBs.]]></item>
  <item id="justification"><![CDATA[Allows hosts to be unprepared for troubleshooting or maintenance purposes.
<p></p><p></p><b>References: </b>
<p></p><p></p>NSX Installation Guide
<p></p><p></p><b>Procedure: </b>
<p></p><p></p>Verify with customer that have an image profile available that does not include the NSX Vibs
]]></item>
</resourceMap>