<?xml version="1.0" encoding="utf-8" standalone="yes"?>
<resourceMap bestPracticeId="NSX-MGR-010">
  <item id="title">NSX-MGR-010</item>
  <item id="recommendation"><![CDATA[Evaluate NSX Manager disk usage.]]></item>
  <item id="justification"><![CDATA[Low free disk space might affect performance and contribute to management plane issues.
<p></p><p></p><b>References: </b>
<p></p><p></p>NSX Administration Guide
<p></p><p></p><b>Procedure: </b>
<p></p><p></p>a. Login to NSX Manager appliance UI<br>b. Select View Summary<br>c. Check "Storage" for disk usage<br>
]]></item>
</resourceMap>