<?xml version="1.0" encoding="utf-8" standalone="yes"?>
<resourceMap bestPracticeId="NSX-MGR-020">
  <item id="title">NSX-MGR-020</item>
  <item id="recommendation"><![CDATA[Prior to upgrading the NSX Manager appliance, clone the NSX Manager VM in addition to performing a backup.]]></item>
  <item id="justification"><![CDATA[This improves rollback time, reduces complexity, and provides extra resiliency.
<p></p><p></p><b>References: </b>
<p></p><p></p>NSX Upgrade Guide
<p></p><p></p><b>Procedure: </b>
<p></p><p></p><div>Right-click the NSX Manager VM, and select <b><i>New Virtual Machine</i></b>.</div><div><br></div><div>Select <b><i>Clone to Virtual Machine</i></b> and complete the wizard.</div>
]]></item>
</resourceMap>