<?xml version="1.0" encoding="utf-8" standalone="yes"?>
<resourceMap bestPracticeId="NSX-DLR-010">
  <item id="title">NSX-DLR-010</item>
  <item id="recommendation"><![CDATA[Verify DLR HA heartbeat interval.]]></item>
  <item id="justification"><![CDATA[Heartbeat should be less than 15 seconds.
<p></p><p></p><b>References: </b>
<p></p><p></p>NSX Administration Guide
<p></p><p></p><b>Procedure: </b>
<p></p><p></p>Use the NSX central CLI from the NSX manager to execute the following command:&nbsp;<div>show edge <i>edgeID</i> configuration highavailability</div><div><br></div><div>The parameter to check is <i><b>heartbeatInterval</b></i>.</div><div><br></div><div>Note: you can also query directly a DLR Control VM from its console with the following command: show configuration highavailability</div>
]]></item>
</resourceMap>