<?xml version="1.0" encoding="utf-8" standalone="yes"?>
<resourceMap bestPracticeId="NSX-VCR-010">
  <item id="title">NSX-VCR-010</item>
  <item id="recommendation"><![CDATA[Verify that the lookup service is running.]]></item>
  <item id="justification"><![CDATA[Lookup service is required to register the location of vSphere components and enable secure communication between components.
<p></p><p></p><b>References: </b>
<p></p><p></p>NSX Administration Guide
<p></p><p></p><b>Procedure: </b>
<p></p><p></p>Check that in the NSX Manager UI &gt; Manage vCenter Registration&nbsp;<div><ol><li>Lookup service is pointing at the correct PSC for your vCenter installation and that the SSO Admin account is correct with necessary permissions</li><li>Status should show green and connected</li></ol></div>
]]></item>
</resourceMap>