<?xml version="1.0" encoding="utf-8" standalone="yes"?>
<resourceMap bestPracticeId="NSX-MGR-021">
  <item id="title">NSX-MGR-021</item>
  <item id="recommendation"><![CDATA[After upgrading NSX Manager, restart the vSphere Web Client services to confirm the plug-in has been upgraded.]]></item>
  <item id="justification"><![CDATA[After an NSX Manager upgrade, vSphere Web Client anomalies might arise.
<p></p><p></p><b>References: </b>
<p></p><p></p>NSX Upgrade Guide
<p></p><p></p><b>Procedure: </b>
<p></p><p></p><div>To restart a vCenter Server Appliance service:</div><div><br></div><div>Connect to the vCenter Server Appliance through SSH.&nbsp;</div><div>Log in as root.</div><div><br></div><div>Run <b><i>service vsphere-client restart</i></b></div>
]]></item>
</resourceMap>