<?xml version="1.0" encoding="utf-8" standalone="yes"?>
<resourceMap bestPracticeId="NSX-MGR-012">
  <item id="title">NSX-MGR-012</item>
  <item id="recommendation"><![CDATA[Verify that no duplicate VTEP IP addresses exist.]]></item>
  <item id="justification"><![CDATA[Overlapping VTEP IP addresses cause data path issues.
<p></p><p></p><b>References: </b>
<p></p><p></p>NSX Administration Guide
<p></p><p></p><b>Procedure: </b>
<p></p><p></p><div>a. Check the NSX manager logs for entries similar to</div><div>ERROR ViInventoryThread ViManagedHostSystemObject:358 - no hostNetInfo&nbsp;</div><div>INFO DCNPool-4 VdnHostInstallationServiceImpl:691 - Host host-75 has 0 vmknics&nbsp;</div><div>INFO DCNPool-4 VdnHostInstallationServiceImpl:699 - vmknic vmk2 does not appear in the host host-75, remove it from database&nbsp;</div><div>INFO TaskFrameworkExecutor-28 VdnHostInstallationServiceImpl:359 - Host host-75 found (new or vmknic missing). Initializing preparation&nbsp;</div><div>INFO TaskFrameworkExecutor-6 PrepareVdsHostTask:212 - Creating vmknic on host host-75 pg dvportgroup-179 ipaddress xxx.xxx.xxx.xxx</div><div><br></div><div>b. If similar log entries are seen, review the associated hosts for unexpected VTEP configuration and take corrective action per KB#2144605.</div>
]]></item>
</resourceMap>