<?xml version="1.0" encoding="utf-8" standalone="yes"?>
<resourceMap bestPracticeId="NSX-ESG-001">
  <item id="title">NSX-ESG-001</item>
  <item id="recommendation"><![CDATA[Verify that syslog is configured to log to vRealize Log Insight or other syslog server.]]></item>
  <item id="justification"><![CDATA[Log entry retention is essential for effective troubleshooting.
<p></p><p></p><b>References: </b>
<p></p><p></p>NSX Installation Guide
<p></p><p></p><b>Procedure: </b>
<p></p><p></p>In the vCenter Server Web Client, click on the NSX plugin, then gavigate to the Edges tab, select the appropriate Edge and in its configuration tab add the IP address of the log insight instance
]]></item>
</resourceMap>