<?xml version="1.0" encoding="utf-8" standalone="yes"?>
<resourceMap bestPracticeId="NSX-MON-001">
  <item id="title">NSX-MON-001</item>
  <item id="recommendation"><![CDATA[Verify that the following components are backed up: NSX Manager, DVS, VMware vSphere Distributed Resource Scheduler&trade; inventory, and vCenter Server DB.]]></item>
  <item id="justification"><![CDATA[Enables recovery option in disaster recovery scenarios. NSX Manager is backed up for logs, events, and configurations. VMware vSphere Distributed Switch and vCenter DB should also be backed up to redeploy the foundational infrastructure supporting NSX.
<p></p><p></p><b>References: </b>
<p></p><p></p>NSX Administration Guide
<p></p><p></p><b>Procedure: </b>
<p></p><p></p>Verify with customer that these items are scheduled for regularly occurring backup.<div><br></div><div><u>NSX Manager</u><span class="Apple-tab-span" style="white-space: pre;">	</span></div><div><div>Log in to the NSX Manager Virtual Appliance.</div><div>Under Appliance Management, click <b><i>Backups &amp; Restore</i></b>.</div></div><div><br></div><div><u>DVS</u></div><div><div>Browse to a distributed switch in the vSphere Web Client navigator.</div><div>Right-click the distributed switch and click <b><i>All vCenter Actions &gt; Export Configuration</i></b>.&nbsp;</div><div>Note: For vCenter Server 6.x, right-click the distributed switch and click Settings &gt; Export Configuration.</div><div>Select the Export the distributed switch configuration or Export the distributed switch configuration and all port groups option.</div><div>Click OK.</div><div>Click <b><i>Yes</i></b> to save the configuration file to your local system.&nbsp;</div></div>
]]></item>
</resourceMap>