<?xml version="1.0" encoding="utf-8" standalone="yes"?>
<resourceMap bestPracticeId="NSX-BDG-001">
  <item id="title">NSX-BDG-001</item>
  <item id="recommendation"><![CDATA[If bridging is enabled, verify the mapping between the virtual wire and the assigned dvportgroup (VLAN).]]></item>
  <item id="justification"><![CDATA[Misconfiguration would cause data path issues.
<p></p><p></p><b>References: </b>
<p></p><p></p>NSX Administration Guide
<p></p><p></p><b>Procedure: </b>
<p></p><p></p><div>Verify the VLAN ID is added on the assigned dvportgroup (Validation to be done from vSphere). Verify of the VLAN ID is allowed on the physical switch (Validation done on the physical switch)</div><div><br></div><div>Get VXLAN-VLAN bridge configuration using API</div><div>GET https://NSX-Manager-IP-Address/api/4.0/edges/edgeId/bridging/config</div><div>Response</div><div>&lt;bridges&gt;</div><div>&lt;version&gt;4&lt;/version&gt;</div><div>&lt;enabled&gt;true&lt;/enabled&gt;</div><div>&lt;bridge&gt; &lt;bridgeId&gt;1&lt;/bridgeId&gt; &lt;name&gt;bridge1&lt;/name&gt; &lt;virtualWire&gt;dvportgroup-23&lt;/virtualWire&gt; &lt;dvportGroup&gt;dvportgroup-25&lt;/dvportGroup&gt;</div><div>&lt;/bridge&gt;</div><div>&lt;/bridges&gt;</div><div>nsx-mgr&gt; show logical-router controller master dlr edge-2 bridge all</div><div>LR-Id Bridge-Id Host Active 0x1388 1 192.168.1.1 true</div><div>masterControllerIp=192.168.1.100</div>
]]></item>
</resourceMap>