<?xml version="1.0" encoding="utf-8" standalone="yes"?>
<resourceMap bestPracticeId="NSX-VCR-013">
  <item id="title">NSX-VCR-013</item>
  <item id="recommendation"><![CDATA[Evaluate the vSphere Distributed Switch version.]]></item>
  <item id="justification"><![CDATA[Verify that the versions of vSphere Distributed Switch are supported.
<p></p><p></p><b>References: </b>
<p></p><p></p>NSX Design Guide
<p></p><p></p><b>Procedure: </b>
<p></p><p></p>Check the VMware Product Interoperability Matrices to verify product versions are compatible.
]]></item>
</resourceMap>