<?xml version="1.0" encoding="utf-8" standalone="yes"?>
<resourceMap bestPracticeId="NSX-DLR-003">
  <item id="title">NSX-DLR-003</item>
  <item id="recommendation"><![CDATA[Evaluate dynamic routing (OSPF) configuration.]]></item>
  <item id="justification"><![CDATA[Misconfiguration can cause network outages or inefficient routing decisions.
<p></p><p></p><b>References: </b>
<p></p><p></p>NSX Administration Guide
<p></p><p></p><b>Procedure: </b>
<p></p><p></p><div><p class="MsoNormal"><span style="font-size: 10.5pt; font-family: Arial;">Log in to the vSphere Web Client.&nbsp;</span><span style="font-family: &quot;Times New Roman&quot;;"><o:p></o:p></span></p><p class="MsoNormal"><span style="font-size: 10.5pt; font-family: Arial;">Click&nbsp;<i><b>Networking &amp; Security</b></i>&nbsp;and then click&nbsp;<b><i>NSX Edges</i></b>.&nbsp;<o:p></o:p></span></p><p class="MsoNormal"><span style="font-size: 10.5pt; font-family: Arial;">Double-click an NSX Edge.&nbsp;<o:p></o:p></span></p><p class="MsoNormal"><span style="font-size: 10.5pt; font-family: Arial;">Click&nbsp;<b><i>Routing</i></b>&nbsp;and then click&nbsp;<b><i>OSPF</i></b>. Evaluate the configuration.</span></p></div><div>Check the forwarding address, configured interface, Area ID, MTU. Verify parameters such as Cost, dead timer intervals and hello intervals and if redistribution is enabled.</div><div>Also map out the OSPF Area's</div><div>This information can be cross referenced with the customer network information to validate network configuration.</div><div><br></div><div>Alternate procedure</div><div>nsx-edge&gt; show configuration ospf</div>
]]></item>
</resourceMap>