<?xml version="1.0" encoding="utf-8" standalone="yes"?>
<resourceMap bestPracticeId="NSX-MGR-019">
  <item id="title">NSX-MGR-019</item>
  <item id="recommendation"><![CDATA[Verify that NSX Manager is not backed up with quiescing enabled.]]></item>
  <item id="justification"><![CDATA[NSX Manager might become unstable.
<p></p><p></p><b>References: </b>
<p></p><p></p>NSX Administration Guide
<p></p><p></p><b>Procedure: </b>
<p></p><p></p>When taking a Snapshot, do not use&nbsp;<i style="font-weight: bold;">Quiesce guest file system </i>option.
]]></item>
</resourceMap>