<?xml version="1.0" encoding="utf-8" standalone="yes"?>
<resourceMap bestPracticeId="NSX-ESX-003">
  <item id="title">NSX-ESX-003</item>
  <item id="recommendation"><![CDATA[Verify that vsfwd is configured.]]></item>
  <item id="justification"><![CDATA[Configuration of vsfwd is required for communication with NSX Manager.
<p></p><p></p><b>References: </b>
<p></p><p></p>NSX Administration Guide
<p></p><p></p><b>Procedure: </b>
<p></p><p></p><div>On each host, run '<i>esxcfg-advcfg -g /UserVars/RmqIpAddress'. V</i>erify that the output reflects the IP address of the NSX Manager.</div>
]]></item>
</resourceMap>