<?xml version="1.0" encoding="utf-8" standalone="yes"?>
<resourceMap bestPracticeId="NSX-CTR-012">
  <item id="title">NSX-CTR-012</item>
  <item id="recommendation"><![CDATA[Confirm NSX Controller instances are not backed up as VMs.]]></item>
  <item id="justification"><![CDATA[The VMware NSX Manager&trade; backup contains all of the NSX configuration, including controllers. NSX Controller instances should be redeployed through either the UI or API in the event of instance failure.
<p></p><p></p><b>References: </b>
<p></p><p></p>NSX Administration Guide 
<p></p><p></p><b>Procedure: </b>
<p></p><p></p>Confirm with customer that they are not backing up controllers nodes as VMs.
]]></item>
</resourceMap>