<?xml version="1.0" encoding="utf-8" standalone="yes"?>
<resourceMap bestPracticeId="NSX-DLR-006">
  <item id="title">NSX-DLR-006</item>
  <item id="recommendation"><![CDATA[Evaluate universal Distributed Logical Router (UDLR) configuration.]]></item>
  <item id="justification"><![CDATA[Misconfiguration can cause network outages or inefficient routing decisions.
<p></p><p></p><b>References: </b>
<p></p><p></p>NSX Administration Guide
<p></p><p></p><b>Procedure: </b>
<p></p><p></p><div>"If DLR is universal check the locale and validate routes per the locale ID</div><div>nsx-mgr&gt; show logical-router controller master dlr edge-ID brief LR-Id LR-Name Universal Service-Controller Egress-Locale In-Sync Sync-Category 0x1388 default+edge-1 true 192.168.1.1 local Yes NORMAL masterControllerIp=192.168.1.1"</div>
]]></item>
</resourceMap>