<?xml version="1.0" encoding="utf-8" standalone="yes"?>
<resourceMap bestPracticeId="NSX-MGR-002">
  <item id="title">NSX-MGR-002</item>
  <item id="recommendation"><![CDATA[Verify that NTP has been configured.]]></item>
  <item id="justification"><![CDATA[NTP synchronization is essential to NSX operations.
<p></p><p></p><b>References: </b>
<p></p><p></p>NSX Administration Guide
<p></p><p></p><b>Procedure: </b>
<p></p><p></p>a. Login to NSX Manager appliance UI<br>b. Select Manage Appliance Settings -&gt; General<br>c. Confirm NTP server is configured correctly under Time Settings
]]></item>
</resourceMap>