<?xml version="1.0" encoding="utf-8" standalone="yes"?>
<resourceMap bestPracticeId="NSX-CTR-002">
  <item id="title">NSX-CTR-002</item>
  <item id="recommendation"><![CDATA[Verify IPsec tunnels between NSX Controller instances have been established.]]></item>
  <item id="justification"><![CDATA[IPsec tunnels between NSX Controller instances are required to facilitate secure communication and updates.
<p></p><p></p><b>References: </b>
<p></p><p></p>NSX Administration Guide
<p></p><p></p><b>Procedure: </b>
<p></p><p></p>Log into each controller and type '<i>show control-cluster network ipsec tunnels</i>'. Verify all three controller nodes are listed.
]]></item>
</resourceMap>