<?xml version="1.0" encoding="utf-8" standalone="yes"?>
<resourceMap bestPracticeId="NSX-ESG-012">
  <item id="title">NSX-ESG-012</item>
  <item id="recommendation"><![CDATA[Evaluate load balancer configuration and confirm servers in server pool are reachable.]]></item>
  <item id="justification"><![CDATA[If some servers are unreachable or down, load balancers are not able to function.
<p></p><p></p><b>References: </b>
<p></p><p></p>NSX Administration Guide
<p></p><p></p><b>Procedure: </b>
<p></p><p></p>Log in to the vSphere Web Client.<div><br></div><div>Click <b>Networking &amp; Security</b> and then click <b>NSX Edges</b>.</div><div><br></div><div>Double-click an NSX Edge.</div><div><br></div><div>Click <b>Load Balancer</b> and then click <b>Pools.</b></div>
]]></item>
</resourceMap>