<?xml version="1.0" encoding="utf-8" standalone="yes"?>
<resourceMap bestPracticeId="NSX-CVC-008">
  <item id="title">NSX-CVC-008</item>
  <item id="recommendation"><![CDATA[Verify that local segment IDs do not overlap with other NSX Manager deployments in a Cross-vCenter Server NSX deployment.]]></item>
  <item id="justification"><![CDATA[Local segment ID ranges must not overlap with segment ID ranges that were previously configured in separate NSX Manager deployments. Overlap can result in network outages.
<p></p><p></p><b>References: </b>
<p></p><p></p>Cross-vCenter Server NSX Installation Guide
<p></p><p></p><b>Procedure: </b>
<p></p><p></p>For every vCenter Servers linked to an NSX Manager, log in to the vCenter Web Client and navigate to Home &gt; Networking &amp; Security &gt; Installation and select the Logical Network Preparation tab. Confirm that the Segment ID Pools are not overlapping between NSX Managers.
]]></item>
</resourceMap>