<?xml version="1.0" encoding="utf-8" standalone="yes"?>
<resourceMap bestPracticeId="NSX-DFW-006">
  <item id="title">NSX-DFW-006</item>
  <item id="recommendation"><![CDATA[Evaluate DFW rules where the Applied to field is set to the default value Distributed Firewall.]]></item>
  <item id="justification"><![CDATA[<span style="font-size:10.0pt;font-family:Arial;mso-fareast-font-family:
&quot;Times New Roman&quot;;mso-ansi-language:EN-US;mso-fareast-language:EN-US;
mso-bidi-language:AR-SA">Setting the <b>Applied
to</b> field to specific objects offers potential performance benefits by pushing
rules only to the hosts with the affected workload.</span><!--EndFragment-->
<p></p><p></p><b>References: </b>
<p></p><p></p>NSX Administration Guide 




<p></p><p></p><b>Procedure: </b>
<p></p><p></p>Calling API and get firewall rules, check the values of <b>Applied to</b>
]]></item>
</resourceMap>