<?xml version="1.0" encoding="utf-8" standalone="yes"?>
<resourceMap bestPracticeId="NSX-VCR-006">
  <item id="title">NSX-VCR-006</item>
  <item id="recommendation"><![CDATA[Verify that the ESXi hosts can access VIBs from the vCenter Server.]]></item>
  <item id="justification"><![CDATA[This is required for installing VIBs.
<p></p><p></p><b>References: </b>
<p></p><p></p>NSX Installation Guide
<p></p><p></p><b>Procedure: </b>
<p></p><p></p><div>Login to the ESX host(s) CLI and check esxupdate.log for errors when VIBs are being accessed by the ESX host from EAM service on vCenter server.</div><div><br></div><div>2016-07-28T20:53:11Z esxupdate: HostImage: INFO: Attempting to download VIB esx-vsip ?&nbsp;</div><div>2016-07-28T20:53:11Z esxupdate: downloader: DEBUG: Downloading from https://vc-l-01a.corp.local:443/eam/vib?id=d9cb1ad6-f5ed-4b67-b5ef-9b3849ba85e2...</div><div><br></div><div>Above output shows that no errors were encountered retrieving the VIBs from EAM</div><div><br></div><div>ESXi host fails to access VIBs from the vCenter Server. In the VC system events pane, you will see:</div><div><br></div><div>Event Message:'Installation of deployment unit failed, please check if ovf/vib urls are accessible, in correct format and all the properties in ovf environment have been configured in service attributes. Please check logs for details.', Module:'Security Fabric'</div><div>If there are DNS issues you will see this error:&nbsp;</div><div>esxupdate: ERROR: MetadataDownloadError:IOError: &lt;urlopen error [Errno -2] Name= or service not known in the esxupdate.log file.</div><div><br></div><div>This can occur if the ESXi host is unable to access the vCenter Server's Fully Qualified Domain Name (FQDN) due to DNS not being set or misconfigured.</div>
]]></item>
</resourceMap>