<?xml version="1.0" encoding="utf-8" standalone="yes"?>
<resourceMap bestPracticeId="NSX-DLR-001">
  <item id="title">NSX-DLR-001</item>
  <item id="recommendation"><![CDATA[Evaluate Distributed Logical Router (DLR) configuration.]]></item>
  <item id="justification"><![CDATA[Misconfiguration can cause network outages or inefficient routing decisions.
<p></p><p></p><b>References: </b>
<p></p><p></p>NSX Administration Guide
<p></p><p></p><b>Procedure: </b>
<p></p><p></p><div>List logical routers and verify the following,</div><div><br></div><div>Edge ID</div><div>Is control VM deployed</div><div>Datacenter name</div><div>Edge version</div><div>Edge size</div><div>Communication channel</div><div>GET https://NSX-Manager-IP-Address/api/4.0/edges/</div><div>&lt;edgeSummary&gt;</div><div>&lt;objectId&gt;edge-99&lt;/objectId&gt;</div><div>&lt;objectTypeName&gt;Edge&lt;/objectTypeName&gt;</div><div>&lt;type&gt;</div><div>&lt;typeName&gt;Edge&lt;/typeName&gt;</div><div>&lt;/type&gt; &lt;name&gt;ldr01&lt;/name&gt;</div><div>&lt;isUniversal&gt;false&lt;/isUniversal&gt;</div><div>&lt;universalRevision&gt;0&lt;/universalRevision&gt; &lt;isUpgradeAvailable&gt;true&lt;/isUpgradeAvailable&gt; &lt;id&gt;edge-99&lt;/id&gt;</div><div>&lt;state&gt;deployed&lt;/state&gt; &lt;edgeType&gt;distributedRouter&lt;/edgeType&gt;</div><div>&lt;datacenterMoid&gt;datacenter-7&lt;/datacenterMoid&gt;</div><div>&lt;datacenterName&gt;Phoenix-DC&lt;/datacenterName&gt;</div><div>&lt;tenantId&gt;default&lt;/tenantId&gt; &lt;apiVersion&gt;4.0&lt;/apiVersion&gt; &lt;numberOfConnectedVnics&gt;3&lt;/numberOfConnectedVnics&gt;</div><div>&lt;appliancesSummary&gt; &lt;vmVersion&gt;6.2.0&lt;/vmVersion&gt; &lt;vmBuildInfo&gt;6.2.0-2982179&lt;/vmBuildInfo&gt; &lt;applianceSize&gt;compact&lt;/applianceSize&gt;</div><div>&lt;fqdn&gt;ldr01&lt;/fqdn&gt;</div><div>&lt;numberOfDeployedVms&gt;1&lt;/numberOfDeployedVms&gt;</div><div>&lt;activeVseHaIndex&gt;0&lt;/activeVseHaIndex&gt;</div><div>&lt;vmMoidOfActiveVse&gt;vm-926&lt;/vmMoidOfActiveVse&gt; &lt;vmNameOfActiveVse&gt;ldr01-0&lt;/vmNameOfActiveVse&gt;</div><div>&lt;hostMoidOfActiveVse&gt;host-81&lt;/hostMoidOfActiveVse&gt; &lt;hostNameOfActiveVse&gt;192.168.2.1&lt;/hostNameOfActiveVse&gt;</div><div>&lt;dataStoreNameOfActiveVse&gt;VNX57A-1TB&lt;/dataStoreNameOfActiveVse&gt; &lt;communicationChannel&gt;msgbus&lt;/communicationChannel&gt;</div><div>Alternatively, this can be verified on the NSX manager using the the central cli</div><div>1.1 nsx-mgr&gt; show logical-router list all</div><div>1.2 List the services enabled on the Distributed logical router. This would further allow to investigate and gather health on these individual services</div><div>GET https://NSX-Manager-IP-Address/api/4.0/edges/edgeId</div><div>Alternatively, this can also be verified from the NSX manager using the central cli</div><div>1.2 nsx-mgr&gt; show edge edge-id</div><div>Id :edge-99</div><div>Type :distributedRouter</div><div>Name :ldr01-0</div><div>Size :compact</div><div>Host :192.168.1.1</div><div>Deploy Status :true</div><div>-----Services Configuration Status----- L2VPN : Firewall :true DNS : SSLVPN : Routing :true HA :false Syslog :false Load Balancer : GSLB : IPSEC : DHCP :false NAT : Bridges :false</div><div>1.3 Validate logical router configuration on ESXi hosts by running the net-vdr command. This can also be verified using Central CLI commands</div><div>Validate if the logical router instance is present on ESXi hosts part of the transport zone.</div><div>[root@localhost:~] net-vdr -I -l</div><div>1.4 nsx-mgr&gt; show logical-router host host-29 dlr edge-1 interface all verbose</div><div>VDR default+edge-1 LIF Information:</div><div>Name: 138800000002 Mode: Routing, Distributed, Uplink Id: Vxlan:5000</div><div>Ip(Mask): 192.168.10.2(255.255.255.248) Connected Dvs: Compute_VDS VXLAN Control Plane: Enabled</div><div>VXLAN Multicast IP: 0.0.0.1</div><div>State: Enabled</div><div>Flags: 0x2208</div><div>DHCP Relay: Not enabled</div><div>Name: 13880000000a</div><div>Mode: Routing, Distributed, Internal Id: Vxlan:5001 Ip(Mask): 172.16.10.1(255.255.255.0)</div><div>Connected Dvs: Compute_VDS</div>
]]></item>
</resourceMap>