<?xml version="1.0" encoding="utf-8" standalone="yes"?>
<resourceMap bestPracticeId="NSX-MON-004">
  <item id="title">NSX-MON-004</item>
  <item id="recommendation"><![CDATA[Verify that NSX component versions are aligned.]]></item>
  <item id="justification"><![CDATA[Mismatched versions between components might cause control, management, and data plane issues.
<p></p><p></p><b>References: </b>
<p></p><p></p>NSX Installation Guide
<p></p><p></p><b>Procedure: </b>
<p></p><p></p>Use the vSphere Web Client, <b><i>Networking &amp; Security</i></b> to verify component versions.
]]></item>
</resourceMap>