<?xml version="1.0" encoding="utf-8" standalone="yes"?>
<resourceMap bestPracticeId="NSX-CTR-008">
  <item id="title">NSX-CTR-008</item>
  <item id="recommendation"><![CDATA[On the NSX Controller that is owner for the VNI, verify all hosts with workloads using the VNI are listed in the connection table.]]></item>
  <item id="justification"><![CDATA[If hosts with workloads using the VNI are not listed in the connection table, network outages can occur.
<p></p><p></p><b>References: </b>
<p></p><p></p>NSX Administration Guide
<p></p><p></p><b>Procedure: </b>
<p></p><p></p><div>Confirm that the host IPs correspond to the management IPs of the ESXi hosts in the topology. Confirm that all the connection IDs are unique. If the same command is run on the non-owning controllers, the output will be "Error: Not found".&nbsp;</div><div><br></div><div>nsx-controller # show network interface</div><div>Interface Address/Netmask MTU Admin-Status Link-Status</div><div>breth0 10.172.143.105/24 1500 UP UP</div><div>eth0 1500 UP UP</div><div><br></div><div>nsx-controller # show control-cluster logical-switches connection-table 10000</div><div>Host-IP Port ID</div><div>10.172.46.3 58343 1</div><div>10.172.46.2 51484 2</div><div>10.172.46.4 38178 3</div><div>10.172.46.1 20592 5</div><div><br></div><div>nsx-controller # show network interface</div><div>Interface Address/Netmask MTU Admin-Status Link-Status</div><div>breth0 10.172.143.106/24 1500 UP UP</div><div>eth0 1500 UP UP</div><div><br></div><div>nsx-controller # show control-cluster logical-switches connection-table 10000</div><div>Error: Not found</div>
]]></item>
</resourceMap>