<?xml version="1.0" encoding="utf-8" standalone="yes"?>
<resourceMap bestPracticeId="NSX-DLR-008">
  <item id="title">NSX-DLR-008</item>
  <item id="recommendation"><![CDATA[Confirm that syslog is configured to log to VMware vRealize Log Insight or other syslog server.]]></item>
  <item id="justification"><![CDATA[Log entry retention is essential for effective troubleshooting.
<p></p><p></p><b>References: </b>
<p></p><p></p>NSX Installation Guide
<p></p><p></p><b>Procedure: </b>
<p></p><p></p>In the vCenter Server Web Client, click on the NSX plugin, then navigate to the Edges tab, select the appropriate DLR and in its configuration tab add the IP address of the log insight instance
]]></item>
</resourceMap>