<?xml version="1.0" encoding="utf-8" standalone="yes"?>
<resourceMap bestPracticeId="NSX-ESX-008">
  <item id="title">NSX-ESX-008</item>
  <item id="recommendation"><![CDATA[Avoid leaving mismatched host versions in a production cluster.]]></item>
  <item id="justification"><![CDATA[When upgrading to NSX 6.2.4 and later, problems can occur when performing a VMware vSphere vMotion&reg; operation between hosts running the new VIBs and hosts running pre-6.2.4 VIBs. This is due to an issue in the VSIP module.
<p></p><p></p><b>References: </b>
<p></p><p></p>NSX for vSphere 6.2.4 Release Notes
<p></p><p></p><b>Procedure: </b>
<p></p><p></p>Log in to the vSphere Web Client.<div><br></div><div>Click <b>Networking &amp; Security </b>and then click <b>Installation</b>.</div><div><br></div><div>Select the <b>Host Preparation</b> tab.</div><div><br></div><div>Expand the Cluster in the <b>Clusters and Hosts</b> column and verify the host has the latest version</div>
]]></item>
</resourceMap>