<?xml version="1.0" encoding="utf-8" standalone="yes"?>
<resourceMap bestPracticeId="NSX-CVC-006">
  <item id="title">NSX-CVC-006</item>
  <item id="recommendation"><![CDATA[Verify universal segment ID ranges do not overlap with local segment ID ranges.]]></item>
  <item id="justification"><![CDATA[Universal segment ID ranges must not overlap with segment ID ranges that were previously configured in separate NSX Manager deployments. Overlap can result in network outages.
<p></p><p></p><b>References: </b>
<p></p><p></p>NSX Administration Guide 



<p></p><p></p><b>Procedure: </b>
<p></p><p></p><div>"List all the segment ranges and validate if the segment is a universal segment and also the scope of the segment. This output can then be cross referenced with the VXLAN IDs on the logical switch when validating if the logical switch belongs to the Universal segment range.</div><div>GET https://NSX-Manager-IP-Address/api/2.0/vdn/config/segments</div><div>Response Body:</div><div>&lt;segmentRanges&gt;</div><div>&lt;segmentRange&gt;</div><div>&lt;id&gt;1&lt;/id&gt;</div><div>&lt;name&gt;name&lt;/name&gt;</div><div>&lt;desc&gt;desc&lt;/desc&gt; &lt;begin&gt;900000&lt;/begin&gt; &lt;end&gt;900100&lt;/end&gt; &lt;isUniversal&gt;TRUE&lt;/isUniversal&gt;</div><div>&lt;/segmentRange&gt;</div><div>&lt;segmentRange&gt;</div><div>&lt;id&gt;2&lt;/id&gt;</div><div>&lt;name&gt;name&lt;/name&gt;</div><div>&lt;desc&gt;desc&lt;/desc&gt; &lt;begin&gt;1501&lt;/begin&gt;</div><div>&lt;end&gt;1510&lt;/end&gt;</div><div>&lt;isUniversal&gt;FALSE&lt;/isUniversal&gt;</div><div>&lt;/segmentRange&gt;</div><div>&lt;/segmentRanges&gt;"</div>
]]></item>
</resourceMap>