<?xml version="1.0" encoding="utf-8" standalone="yes"?>
<resourceMap bestPracticeId="NSX-MGR-017">
  <item id="title">NSX-MGR-017</item>
  <item id="recommendation"><![CDATA[Verify that NSX Manager communication with NSX prepared hosts is in a healthy state.]]></item>
  <item id="justification"><![CDATA[NSX Manager communication is required to enable configuration that is consistent across the environment.
<p></p><p></p><b>References: </b>
<p></p><p></p>NSX Administration Guide
<p></p><p></p><b>Procedure: </b>
<p></p><p></p>Login to VC, go to Networking &amp; Security tab, click on Installation, click on Host Prep, click on Actions and select "Communication Channel Health"
]]></item>
</resourceMap>