<?xml version="1.0" encoding="utf-8" standalone="yes"?>
<resourceMap bestPracticeId="NSX-CTR-004">
  <item id="title">NSX-CTR-004</item>
  <item id="recommendation"><![CDATA[Verify NSX Controller instances have adequate free disk space.]]></item>
  <item id="justification"><![CDATA[Prior to NSX 6.2.4 the logs were not in separate partitions and might consume the free disk space. If there is not enough disk space, NSX Controller instances will not be able to function normally.
<p></p><p></p><b>References: </b>
<p></p><p></p>NSX Administration Guide
<p></p><p></p><b>Procedure: </b>
<p></p><p></p><div>Log into each controller and type '<i>show status</i>'. Verify there is adequate free space.</div><div><br></div><div>Note: Starting NSX 6.2.4, the filesystem layout has changed. We now have a separate partitions for ZK logs and system logs.</div><div>If analyzing NSX 6.2.1 or 6.2.2 then check for /var/log/mail.log file and its size. This file usually gets rolled over every week. Due to a known bug in these version, it can occupy the size of the / partition entirely causing the ZK to crash"</div>
]]></item>
</resourceMap>