<?xml version="1.0" encoding="utf-8" standalone="yes"?>
<resourceMap bestPracticeId="NSX-MGR-018">
  <item id="title">NSX-MGR-018</item>
  <item id="recommendation"><![CDATA[Validate the licensing.]]></item>
  <item id="justification"><![CDATA[Validate NSX licensing in the VMware vSphere Web Client.
<p></p><p></p><b>References: </b>
<p></p><p></p>NSX Installation Guide
<p></p><p></p><b>Procedure: </b>
<p></p><p></p><div>In vSphere 5.5,</div><div><br></div><div>Log in to the vSphere Web Client.</div><div><br></div><div>Click <b><i>Administration</i></b> and then click <b><i>Licenses</i></b>.</div><div><br></div><div>Click the <b><i>Solutions</i></b> tab.</div><div>----------------------------------------------</div><div>In vSphere 6.0,</div><div><div><br></div><div>Log in to the vSphere Web Client.</div><div><br></div><div>Click <b><i>Administration</i></b> and then click <b><i>Licenses</i></b>.</div><div><br></div><div>Click the <b><i>Assets</i></b> tab, then the <b><i>Solutions</i></b> tab.</div></div>
]]></item>
</resourceMap>