<?xml version="1.0" encoding="utf-8" standalone="yes"?>
<resourceMap bestPracticeId="NSX-MGR-003">
  <item id="title">NSX-MGR-003</item>
  <item id="recommendation"><![CDATA[Verify that IP configuration and DNS settings are correct.]]></item>
  <item id="justification"><![CDATA[Misconfiguration results in connection issues.
<p></p><p></p><b>References: </b>
<p></p><p></p>NSX Administration Guide
<p></p><p></p><b>Procedure: </b>
<p></p><p></p>a. Login to NSX Manager appliance UI<br>b. Select Manage Appliance Settings -&gt; Network<br>c. Confirm IP and DNS configuration
]]></item>
</resourceMap>