<?xml version="1.0" encoding="utf-8" standalone="yes"?>
<resourceMap bestPracticeId="NSX-CVC-002">
  <item id="title">NSX-CVC-002</item>
  <item id="recommendation"><![CDATA[Verify host/cluster locale ID matches the locale ID of the NSX Manager with which it is associated.]]></item>
  <item id="justification"><![CDATA[Mismatched locale IDs might result in network outages or inefficient routing decisions.

Note: If local egress is enabled when a universal logical router is created, routes are sent to hosts only when the host locale ID matches the locale ID associated with the route. You can selectively send routes to hosts by configuring the locale ID on a cluster of hosts, or a host.
<p></p><p></p><b>References: </b>
<p></p><p></p>NSX Administration Guide
<p></p><p></p><b>Procedure: </b>
<p></p><p></p><div>Validate the Cluster and Host locale ID, the locale-id will determine what routes are sent to the NSX controller. The controller will have the locale-id impressed on the routes and it will only send routes to the vSphere hosts with a matching locale-id</div><div><br></div><div>GET https://NSX-Manager-IP-Address/api/2.0/nwfabric/clusters/clusterId</div><div><br></div><div>GET https://NSX-Manager-IP-Address/api/2.0/nwfabric/hosts/hostId</div>
]]></item>
</resourceMap>