<?xml version="1.0" encoding="utf-8" standalone="yes"?>
<resourceMap bestPracticeId="NSX-ESG-014">
  <item id="title">NSX-ESG-014</item>
  <item id="recommendation"><![CDATA[If the ESG has high availability enabled, verify that the HA status is UP.]]></item>
  <item id="justification"><![CDATA[If service status is DOWN, network outages can occur in a failure scenario.
<p></p><p></p><b>References: </b>
<p></p><p></p>NSX Administration Guide
<p></p><p></p><b>Procedure: </b>
<p></p><p></p>Log in to the vSphere Web Client.<div><br></div><div>Click <b>Networking &amp; Security</b> and then click <b>NSX Edges</b>.</div><div><br></div><div>Double-click an NSX Edge.</div><div><br></div><div>Click <b>Settings</b>&nbsp;</div><div><br></div><div>API procedure&nbsp;</div><div>GET https://NSX-Manager-IP-Address/api/4.0/edges/edgeId/highavailability/config</div><div><br></div><div>CLI procedure</div><div>nsx-mgr&gt; show edge edge-99 configuration highavailability</div>
]]></item>
</resourceMap>