<?xml version="1.0" encoding="utf-8" standalone="yes"?>
<resourceMap bestPracticeId="NSX-CTR-007">
  <item id="title">NSX-CTR-007</item>
  <item id="recommendation"><![CDATA[Verify that each NSX Controller in the cluster agrees on a common VNI owner.]]></item>
  <item id="justification"><![CDATA[If VNI ownership is inconsistent, network outages can occur.
<p></p><p></p><b>References: </b>
<p></p><p></p>NSX Administration Guide
<p></p><p></p><b>Procedure: </b>
<p></p><p></p><p>Executed from a NSX controller, the following command shows controller, configuration and status of a specified VNI:</p><p>nsx-controller # show control-cluster logical-switches vni <i>vni-id</i></p><p>SSH to all NSX controllers and run the abovementioned command to display required information learned from controller instances. Every controller should agree that the same controller is responsible for this VNI. BUM replication and ARP proxy must be enabled. On the VNI owner, the number of connections must equal the number of hosts in the transport zone where the LS is applicable. In general, if there's only one transport zone, this should equal the total number of hosts. On the non VNI owner, the number of connections must be 0.</p>
]]></item>
</resourceMap>