<?xml version="1.0" encoding="utf-8" standalone="yes"?>
<resourceMap bestPracticeId="NSX-DFW-001">
  <item id="title">NSX-DFW-001</item>
  <item id="recommendation"><![CDATA[Verify that the generation numbers are aligned between the ESXi hosts and NSX Manager.]]></item>
  <item id="justification"><![CDATA[Aligned generation numbers confirm that the ESXi hosts have received accurate configuration from the NSX Manager
<p></p><p></p><b>References: </b>
<p></p><p></p>NSX Administration Guide
<p></p><p></p><b>Procedure: </b>
<p></p><p></p><div>Execute the REST call using any REST client:</div><div>&nbsp;e.g curl -X GET -user 'admin:password' https://&lt;NSXMgr IP&gt;/api/4.0/firewall/globalroot-0/status -k | tidy -xml -indent -quiet</div><div>Look at the sample XML tag:</div><div>1. You should be looking at &lt;status&gt; and &lt;generationNumber&gt; tags at firewallStatus, clusterStatus and hostStatus level. The status should report published and the generation number should match at all levels</div><div>&nbsp;&lt;firewallStatus&gt;</div><div>&lt;startTime&gt;1465602091930&lt;/startTime&gt; &lt;status&gt;published&lt;/status&gt; &lt;generationNumber&gt;1465602091930&lt;/generationNumber&gt; &lt;clusterList&gt; &lt;clusterStatus&gt;</div><div>&lt;clusterId&gt;domain-c57&lt;/clusterId&gt; &lt;status&gt;published&lt;/status&gt; &lt;generationNumber&gt;1465602091930&lt;/generationNumber&gt; &lt;hostStatusList&gt; &lt;hostStatus&gt;</div><div>&lt;hostId&gt;host-39&lt;/hostId&gt;</div><div>&lt;hostName&gt;10.172.46.8&lt;/hostName&gt; &lt;status&gt;published&lt;/status&gt;</div><div>&lt;errorCode&gt;0&lt;/errorCode&gt;</div><div>&lt;startTime&gt;1466036015565&lt;/startTime&gt;</div><div>&lt;endTime&gt;1466036015562&lt;/endTime&gt; &lt;generationNumber&gt;1465602091930&lt;/generationNumber&gt;</div><div>&lt;clusterId&gt;domain-c57&lt;/clusterId&gt;</div><div>&lt;/hostStatus&gt;</div><div>&lt;/hostStatusList&gt;</div><div>&lt;/clusterStatus&gt;</div><div>&lt;/clusterList&gt;</div><div>&lt;/firewallStatus&gt;</div>
]]></item>
</resourceMap>