<?xml version="1.0" encoding="utf-8" standalone="yes"?>
<resourceMap bestPracticeId="NSX-ESG-006">
  <item id="title">NSX-ESG-006</item>
  <item id="recommendation"><![CDATA[Confirm that ESGs are not backed up as typical VMs.]]></item>
  <item id="justification"><![CDATA[All VMware NSX Edge&trade; configurations (logical routers and edge services gateways) are backed up as part of NSX Manager data backup.
<p></p><p></p><b>References: </b>
<p></p><p></p>NSX Administration Guide
<p></p><p></p><b>Procedure: </b>
<p></p><p></p>Verify with customer that they are not backing up the ESG VM as a typical VM
]]></item>
</resourceMap>