<?xml version="1.0" encoding="utf-8" standalone="yes"?>
<resourceMap bestPracticeId="NSX-MGR-009">
  <item id="title">NSX-MGR-009</item>
  <item id="recommendation"><![CDATA[Evaluate NSX Manager system events.]]></item>
  <item id="justification"><![CDATA[Critical events might indicate or contribute to control or data plane issues.
<p></p><p></p><b>References: </b>
<p></p><p></p>NSX Administration Guide
<p></p><p></p><b>Procedure: </b>
<p></p><p></p>a. Login to vSphere Web Client<br>b. Network &amp; Security -&gt; NSX Managers -&gt; Monitor -&gt; System Events<br>Review System Events with Severity 'Critical'
]]></item>
</resourceMap>