<?xml version="1.0" encoding="utf-8" standalone="yes"?>
<resourceMap bestPracticeId="NSX-MGR-001">
  <item id="title">NSX-MGR-001</item>
  <item id="recommendation"><![CDATA[Verify that NSX Manager core services are UP.]]></item>
  <item id="justification"><![CDATA[These services are essential to the functionality of the management plane of NSX Manager.
<p></p><p></p><b>References: </b>
<p></p><p></p>NSX Administration Guide
<p></p><p></p><b>Procedure: </b>
<p></p><p></p><ol><li>Login to NSX Manager appliance UI&nbsp;</li><li>Select View Summary&nbsp;</li><li>If primary, confirm vPostgres, RabbitMQ and NSX Management Service are running</li><li>If secondary, confirm NSX Universal Synchronization Service is running.&nbsp;</li></ol><div>Alternatively from the commandline&nbsp;</div><div>/etc/rc.d/init.d/bluelane-manager status</div><div>/etc/rc.d/init.d/postgresql status</div><div>/etc/rc.d/init.d/rabbitmqserver status</div><div>/etc/rc.d/init.d/nsxreplicator-mgmt status</div>
]]></item>
</resourceMap>