<?xml version="1.0" encoding="utf-8" standalone="yes"?>
<resourceMap bestPracticeId="NSX-MGR-005">
  <item id="title">NSX-MGR-005</item>
  <item id="recommendation"><![CDATA[Verify that the NSX Manager is not running from a VM snapshot.]]></item>
  <item id="justification"><![CDATA[NSX Manager must be deployed using the OVA. Using a VM snapshot of NSX Manager can cause control and management plane issues.
<p></p><p></p><b>References: </b>
<p></p><p></p>NSX Administration Guide
<p></p><p></p><b>Procedure: </b>
<p></p><p></p>Check the Snapshot Manager and confirm the VM is not running on a snapshot. If a snapshot is present delete it if it is no longer required.
]]></item>
</resourceMap>