<?xml version="1.0" encoding="utf-8" standalone="yes"?>
<resourceMap bestPracticeId="NSX-VCR-014">
  <item id="title">NSX-VCR-014</item>
  <item id="recommendation"><![CDATA[Evaluate teaming options for uplink connectivity in vSphere Distributed Switch.]]></item>
  <item id="justification"><![CDATA[Verify that all distributed switches use supported teaming options.
<p></p><p></p><b>References: </b>
<p></p><p></p>NSX Design Guide
<p></p><p></p><b>Procedure: </b>
<p></p><p></p>Verify that all distributed switches use supported teaming options.
]]></item>
</resourceMap>