<?xml version="1.0" encoding="utf-8" standalone="yes"?>
<resourceMap bestPracticeId="NSX-VCR-002">
  <item id="title">NSX-VCR-002</item>
  <item id="recommendation"><![CDATA[Verify that the NSX extensions are present within vCenter Server managed objects.]]></item>
  <item id="justification"><![CDATA[NSX extensions are required for functionality of the NSX UI with vCenter Server.
<p></p><p></p><b>References: </b>
<p></p><p></p>NSX Administration Guide
<p></p><p></p><b>Procedure: </b>
<p></p><p></p><div>Log in to the managed object browser at <b><i>https://your_vc_server/mob</i></b>.</div><div><br></div><div>Click <b><i>Content</i></b>.</div><div><br></div><div>Click <b><i>ExtensionManager</i></b>.</div><div><br></div><div>Click <b><i>FindExtension</i></b>.</div><div><br></div><div>Enter the string <b><i>com.vmware.vShieldManager</i></b> and click on <b><i>Invoke Method</i></b>.</div>
]]></item>
</resourceMap>