<?xml version="1.0" encoding="utf-8" standalone="yes"?>
<resourceMap bestPracticeId="NSX-MGR-006">
  <item id="title">NSX-MGR-006</item>
  <item id="recommendation"><![CDATA[Verify that the NSX Manager has a minimum of 16 GB memory.]]></item>
  <item id="justification"><![CDATA[Lower memory can cause performance issues.
<p></p><p></p><b>References: </b>
<p></p><p></p>NSX Administration Guide
<p></p><p></p><b>Procedure: </b>
<p></p><p></p>Check configured memory. For 6.2 the minimum should be 16GB. For large environments using IDFW this will be higher e.g. IMOD and Samsung use 32GB.
]]></item>
</resourceMap>