<?xml version="1.0" encoding="utf-8" standalone="yes"?>
<resourceMap bestPracticeId="NSX-CVC-004">
  <item id="title">NSX-CVC-004</item>
  <item id="recommendation"><![CDATA[Verify that the sync service state is IN_SYNC.]]></item>
  <item id="justification"><![CDATA[Because universal object data is synchronized from the primary NSX Manager, the sync service must be running and the state must be IN_SYNC to confirm accurate data across NSX Manager instances.
<p></p><p></p><b>References: </b>
<p></p><p></p>NSX Administration Guide
<p></p><p></p><b>Procedure: </b>
<p></p><p></p><div>Query configuration sync status (replicator). Check if the Sync service is running the sync state is IN_SYNC</div><div>GET https://NSX-Manager-IP-Address/api/2.0/universalsync/status</div><div>&lt;?xml version=""1.0"" encoding=""UTF-8""?&gt;</div><div>&lt;replicationStatus&gt;</div><div>&lt;lastClusterSyncTime&gt;1470312774385&lt;/lastClusterSyncTime&gt; &lt;syncState&gt;IN_SYNC&lt;/syncState&gt;</div><div>&lt;nsxManagersStatusList/&gt;</div><div>&lt;/replicationStatus&gt;</div><div><br></div><div>If sync state is not IN_SYNC the below API can be invoked to sync objects</div><div>POST https://NSX-Manager-IP-Address/api/2.0/universalsync/sync?action=invoke</div>
]]></item>
</resourceMap>