<?xml version="1.0" encoding="utf-8" standalone="yes"?>
<resourceMap bestPracticeId="NSX-GIS-001">
  <item id="title">NSX-GIS-001</item>
  <item id="recommendation"><![CDATA[VMware Tools should be installed on all virtual machines that are to be part of guest introspection.]]></item>
  <item id="justification"><![CDATA[Guest introspection requires VMware Tools on all virtual machines to be protected.
<p></p><p></p><b>References: </b>
<p></p><p></p>NSX Administration Guide 
<p></p><p></p><b>Procedure: </b>
<p></p><p></p>Identify all VMs protected by guest introspection that do not run VMware Tools.
]]></item>
</resourceMap>