<?xml version="1.0" encoding="utf-8" standalone="yes"?>
<resourceMap bestPracticeId="NSX-CTR-013">
  <item id="title">NSX-CTR-013</item>
  <item id="recommendation"><![CDATA[After upgrading to NSX 6.2.4 or later, NSX Controller instances must be deleted and redeployed successively.]]></item>
  <item id="justification"><![CDATA[NSX 6.2.4 introduces new file system partitions in the NSX Controller instances. The new file system eliminates the risk of disk free space being consumed by log files.
<p></p><p></p><b>References: </b>
<p></p><p></p>VMware NSX 6.2.4 release notes
<p></p><p></p><b>Procedure: </b>
<p></p><p></p>Confirm that controller nodes were redeployed after upgrade.
]]></item>
</resourceMap>