<?xml version="1.0" encoding="utf-8" standalone="yes"?>
<resourceMap bestPracticeId="NSX-DLR-012">
  <item id="title">NSX-DLR-012</item>
  <item id="recommendation"><![CDATA[If using HA for the DLR control VM, verify that the VMs are distributed and not running on the same host.]]></item>
  <item id="justification"><![CDATA[If both instances are running on the same host, network outages can occur in a failure scenario.
<p></p><p></p><b>References: </b>
<p></p><p></p>NSX Administration Guide
<p></p><p></p><b>Procedure: </b>
<p></p><p></p>In the vSphere Web Client, select each DLR VM instance and verify that they are not running on the same host.
]]></item>
</resourceMap>