<?xml version="1.0" encoding="utf-8" standalone="yes"?>
<resourceMap bestPracticeId="NSX-CTR-014">
  <item id="title">NSX-CTR-014</item>
  <item id="recommendation"><![CDATA[NSX Controller instances should reside in a single VMware vSphere cluster.]]></item>
  <item id="justification"><![CDATA[NSX Controller instances that span multiple vSphere clusters increase difficulty in confirming that availability requirements are enforced.
<p></p><p></p><b>References: </b>
<p></p><p></p>NSX Administration Guide
<p></p><p></p><b>Procedure: </b>
<p></p><p></p>Using the vSphere Web Client, visually verify that the controllers reside in a single cluster.
]]></item>
</resourceMap>