<?xml version="1.0" encoding="utf-8" standalone="yes"?>
<resourceMap bestPracticeId="NSX-VCR-007">
  <item id="title">NSX-VCR-007</item>
  <item id="recommendation"><![CDATA[Verify that no duplicate agencies exist within vCenter Server for the NSX cluster.]]></item>
  <item id="justification"><![CDATA[The existence of duplicate agencies interferes within NSX host preparation.
<p></p><p></p><b>References: </b>
<p></p><p></p>NSX Installation Guide
<p></p><p></p><b>Procedure: </b>
<p></p><p></p><div>Login to vCenter Web Client</div><div>Navigate to Administration &gt; Solutions &gt; vCenter Server Extensions</div><div>Click on your NSX Manager listed and check the Manage tab</div><div>On the page displayed, check that the Agencies listed under the Agency box do not have same agency details listed more than once</div>
]]></item>
</resourceMap>