<?xml version="1.0" encoding="utf-8" standalone="yes"?>
<resourceMap bestPracticeId="NSX-ESX-005">
  <item id="title">NSX-ESX-005</item>
  <item id="recommendation"><![CDATA[Verify the advanced values for vsfwd.]]></item>
  <item id="justification"><![CDATA[This is required for communication with NSX Manager.
<p></p><p></p><b>References: </b>
<p></p><p></p>NSX Administration Guide
<p></p><p></p><b>Procedure: </b>
<p></p><p></p><div>a. for a in `esxcfg-advcfg -l | grep -i rmq | awk '{print$1}'`; do esxcfg-advcfg -g $a; done</div><div>b. Note: The above command is executed per host</div><div>Sample Output:</div><div>Value of RmqIpAddress is 10.112.103.76</div><div>Value of RmqUsername is uw-host-38</div><div>Value of RmqPassword is YSdWsxXtHeBK4dBWHF0UvT4OIn0W2cHYsbcuFd7721qFP65PjJE13REDaCwj7dNu</div><div>Value of RmqVHost is vshield</div><div>Value of RmqVsmRequestQueue is vsm_request_queue</div><div>Value of RmqPort is 5671</div><div>Value of RmqVsmExchange is vsm_exchange</div><div>Value of RmqClientPeerName is com.vmware.vshield.userworld</div><div>Value of RmqHostId is host-38</div><div>Value of RmqHostVer is 5.5.0</div><div>Value of RmqClientId is 85cf6eea-3c31-45bd-9118-a023a47fffb4</div><div>Value of RmqClientToken is host-38</div><div>Value of RmqClientRequestQueue is com.vmware.vshield.userworld_85cf6eea-3c31-45bd-9118-a023a47fffb4_request_queue</div><div>Value of RmqClientResponseQueue is com.vmware.vshield.userworld_85cf6eea-3c31-45bd-9118-a023a47fffb4_response_queue</div><div>Value of RmqClientExchange is com.vmware.vshield.userworld_exchange</div><div>Value of RmqSslCertSha1ThumbprintBase64 is TDJAJXCYUG6lHIoAaU+2Cqvp9AM=</div>
]]></item>
</resourceMap>