<?xml version="1.0" encoding="utf-8" standalone="yes"?>
<resourceMap bestPracticeId="NSX-DFW-007">
  <item id="title">NSX-DFW-007</item>
  <item id="recommendation"><![CDATA[Confirm that third-party SVMs performing packet replication using SPAN ports have been added to the DFW exclusion list.]]></item>
  <item id="justification"><![CDATA[DFW firewall rules might cause unintended actions with packets when a VM is replicating packets while being protected by the firewall rules.
<p></p><p></p><b>References: </b>
<p></p><p></p>NSX Administration Guide
<p></p><p></p><b>Procedure: </b>
<p></p><p></p>In the vSphere Web Client, click <b>Networking &amp; Security</b><div>
In <b>Networking &amp; Security Inventory</b>, click <b>NSX Managers</b></div><div>
In the <b>Name</b> column, click an NSX Manager</div><div>Click the <b>Manage</b> tab and then click the <b>Exclusion List</b> tab</div>
]]></item>
</resourceMap>