<?xml version="1.0" encoding="utf-8" standalone="yes"?>
<resourceMap bestPracticeId="NSX-ESX-002">
  <item id="title">NSX-ESX-002</item>
  <item id="recommendation"><![CDATA[Verify that hosts are connected to controllers.]]></item>
  <item id="justification"><![CDATA[This is required to get the state info from controller.
<p></p><p></p><b>References: </b>
<p></p><p></p>NSX Administration Guide
<p></p><p></p><b>Procedure: </b>
<p></p><p></p><div>On each host, run '<i>esxcli network ip connection list | grep 1234'</i></div>
]]></item>
</resourceMap>