<?xml version="1.0" encoding="utf-8" standalone="yes"?>
<resourceMap bestPracticeId="NSX-CVC-001">
  <item id="title">NSX-CVC-001</item>
  <item id="recommendation"><![CDATA[Prior to performing API calls, verify that the queried NSX Manager is primary.]]></item>
  <item id="justification"><![CDATA[Because universal object data is synchronized from the primary, send API calls to the primary NSX Manager to confirm accuracy.
<p></p><p></p><b>References: </b>
<p></p><p></p>NSX Administration Guide
<p></p><p></p><b>Procedure: </b>
<p></p><p></p><div>Query the role on the NSX manager</div><div>GET https://NSX-Manager-IP-Address/api/2.0/universalsync/configuration/role</div><div><br></div><div>Check the role to verify if we are looking at the Primary or Secondary NSX manager</div><div>&lt;?xml version=""1.0"" encoding=""UTF-8""?&gt;</div><div>&lt;universalSyncRole&gt;</div><div>&nbsp; &nbsp; &lt;role&gt;PRIMARY&lt;/role&gt;</div><div>&lt;/universalSyncRole&gt;"</div>
]]></item>
</resourceMap>