<?xml version="1.0" encoding="utf-8" standalone="yes"?>
<resourceMap bestPracticeId="NSX-DFW-004">
  <item id="title">NSX-DFW-004</item>
  <item id="recommendation"><![CDATA[Verify the session utilization for connection tracker.]]></item>
  <item id="justification"><![CDATA[For NSX versions earlier than 6.2.4, the limit is 2 million. For NSX 6.2.4 and later, the limit was increased to 5 million.
<p></p><p></p><b>References: </b>
<p></p><p></p>NSX Administration Guide
<p></p><p></p><b>Procedure: </b>
<p></p><p></p><div>Use the below script to test this:</div><div>################################</div><div>#!/bin/sh</div><div>total=0</div><div># For netx</div><div>for f in `vsipioctl getfilters | grep ""Filter Name "" | grep -v vmware-sfw.2 | awk '{print $NF}'`; do</div><div>num=`vsipioctl vsipfwcli -f ${f} -c ""describe connection count;"" | awk '{print $NF}'`</div><div># echo ""filter $f: $num""</div><div>total=$((total + num))</div><div>done</div><div>echo ""Total netx states: $total""</div><div>total=0</div><div># for firewall</div><div>for f in `vsipioctl getfilters | grep ""Filter Name "" | grep vmware-sfw.2 | awk '{print $NF}'`; do</div><div>num=`vsipioctl vsipfwcli -f ${f} -c ""describe connection count;"" | awk '{print $NF}'`</div><div># echo ""filter $f: $num""</div><div>total=$((total + num))</div><div>done</div><div>echo ""Total firewall states: $total""</div>
]]></item>
</resourceMap>