<?xml version="1.0" encoding="utf-8" standalone="yes"?>
<resourceMap bestPracticeId="NSX-DLR-007">
  <item id="title">NSX-DLR-007</item>
  <item id="recommendation"><![CDATA[If the DLR control VM has high availability enabled, verify that the HA status is UP.]]></item>
  <item id="justification"><![CDATA[service status is DOWN, network outages can occur in a failure scenario.
<p></p><p></p><b>References: </b>
<p></p><p></p>NSX Administration Guide
<p></p><p></p><b>Procedure: </b>
<p></p><p></p><div>Verify configuration parameters,</div><div>&nbsp;Dead timer interval</div><div>&nbsp;Interface used for heartbeats</div><div>&nbsp;Admin state</div><div>&nbsp;Local and Peer High availability IP addresses</div><div>&nbsp;Logging options</div><div>Get high availability configuration</div><div>GET https://NSX-Manager-IP-Address/api/4.0/edges/edgeId/highavailability/config</div><div>Alternatively, this can also be run from Central CLI</div><div>nsx-mgr&gt; show edge edge-99 configuration highavailability</div><div>vShield Edge High Availability Config:</div><div>{</div><div>""highAvailability"" : { ""heartbeatDeadTime"" : 6,</div><div>""logging"" : {</div><div>""logLevel"" : ""info"", ""enable"" : true</div><div>}, ""heartbeatWarnTime"" : 3,</div><div>""security"" : {</div><div>""encryptionAlgorithm"" : null,</div><div>""psk"" : ""****"",</div><div>""authenticationSignature"" : {</div><div>""key"" : ""9fb867fe640aa917e54247a5f15432e180600e81"",</div><div>""type"" : ""sha1""</div><div>},</div><div>""enable"" : false</div><div>}, ""heartbeatInterval"" : 1, ""heartbeatInitDead"" : 12, ""adminState"" : ""up"",</div><div>""nodes"" : [</div><div>{</div><div>""macInfo"" : [</div><div>}</div><div>],</div><div>""haIndex"" : 0,</div><div>""name"" : ""vShield-edge-1-0"", ""address"" : ""169.254.1.1/30""</div><div>},</div><div>{ ""address"" : ""169.254.1.2/30"",</div><div>""haIndex"" : 1,</div><div>""name"" : ""vShield-edge-1-1"",</div><div>""macInfo"" : [</div><div>{</div><div>}</div><div>], ""interface"" : ""vNic_0</div><div>""enable"" : true"</div>
]]></item>
</resourceMap>